grass.pct,shrub.pct,log.regen.density,seedling.pct,field.cluster,Plot,X,Long,Lat,postdisturbance_nbr,delta_nbr,relative_regrowth,pct_recovery,postfire_fitted_rsq,postfire_fitted_slope,cluster,x_y.x,fire,canopy_cover,veg_height,hli,cwd_present,cwd_future,elevation,TE_future,TE_present,0,1,2,3,4,5,6,7,8,9,10,11,12,13,14,15,16,17,18,19,20,21,22,23,predisturbance_nbr,disturbance_nbr,dnbr,absolute_regrowth,max.postfire.nbr,time_to_0.8recovery,time_to_0.6recovery,postfire_ppt,postfire_tmin,postfire_tmax,postfire_vpdmin,postfire_vpdmax,postfire_tmean,precip,tmean,vpdmax,re.0gen_prob,x_y.y,herb.pct,green.pct,npv.pct,aspect,slope,seedling.density,densiometer,dom.tree.spp,dom.seedling.spp,young.tree.density,regen.density,year,log.seedling.density
0,10,10.276773762280058,45,2,HRN5,615,-120.437994739,44.483361403,98,-339.6,-1.5053872749007,1.02148080438757,0.801785853944953,34.0769230769231,1,-120.437994739_44.483361403,HR,35,110,149,450,575,1497,N,N,457,240,330,492,517,412,461,461,471,535,0,72,17,97,26,47,70,106,151,171,223,350,421,447,437.6,36,535,-159.502198396683,447,12,11,646.25371307543,0.683930226895157,11.71096852645,1.79191116812632,10.9301647134362,6.19744937667258,661.074571417795,6.49091094720307,11.0789491771585,0.576199471950531,-120.437994739_44.483361403,2.5,51.25,32.5,-0.342705602110707,14.01223755,29000,14.0625,LAOC-PIPO,LAOC,50,29050,2022,10.275051108968611
0,15,0,70,2,M24,30,-117.5654794,46.25563003,401.6,-185.8,0.831968566486407,1.19339462036091,0.926122737204602,51.5659340659341,1,-117.5654794_46.25563003,School,65,111,205,265,380,1519,N,N,543,578,613,612,607,586,568,571,611,585,6,179,120,204,297,393,418,554,599,616,636,657,701,683,587.4,92.5,579,97.9626893406886,701,7,5,975.165864190642,2.21037339972291,10.845363141871,2.71643434811256,9.90550656791395,6.52786827079696,971.796448579505,6.60691378879413,8.63216361213367,0.64339292049408,-117.5654794_46.25563003,3,68.75,26.25,-0.342705768565271,4.18580389,0,47.6563,PSME,PIPO,0,0,2022,0
0,31.25,8.864322722511439,38.75,2,EA-5-2,127,-118.502206246,44.492083176,19.5,-266.5,-0.608612103632,0.975524475524476,0.736939931636216,22.6538461538462,1,-118.502206246_44.492083176,Easy,45,110,150,388,513,1861,N,N,334,312,360,316,305,377,245,325,286,0,0,0,0,0,0,0,0,0,10,87,98,189,243,279,286,0,0,-43.2596276354857,279,12,11,792.118177596413,0.237749217068889,12.010753852021,1.98166507547218,11.779410685417,6.12425153454497,824.58109910488,5.42484305125851,10.1082870849703,0.595673561096191,-118.502206246_44.492083176,40.625,63.75,25.625,-0.342705549317274,8,7000,54.296875,?,PICO,75,7075,2023,8.85366542803745
0,55,3.2188758248682006,50,2,M27,57,-117.6024083,46.2467702,407.2,-262.1,0.708011772381781,1.02793963842821,0.960677334406412,35.7692307692308,1,-117.6024083_46.2467702,School,55,111,107,319,441,1465,N,N,653,733,666,709,659,701,612,671,660,629,0,186,327,329,383,399,392,478,506,517,555,622,619,688,669.3,93,629,78.4153374884787,688,10,7,997.940814568214,2.51040982241677,11.676513686971,2.61485291875298,10.5523832754278,7.09346175469386,995.516013957009,6.74104252905945,8.8654739375639,NA,-117.6024083_46.2467702,21.25,67.5,42.5,-0.342705554288358,17.96887779,0,1.5625,?,ABGR,25,25,2022,0
10,77.5,3.912023005428146,0,1,HRS4,655,-120.541076783,44.477715969,208.4,-183.2,0.510536702501726,1.08273748723187,0.704436082679737,31.478021978022,1,-120.541076783_44.477715969,HR,15,110,230,481,604,1481,N,N,396,285,376,400,471,396,404,442,372,374,0,0,20,58,218,280,106,243,343,392,424,347,360,299,391.6,0,374,53.0670769310134,424,8,5,642.977653128769,0.558571587884094,11.7764872731966,1.74748501817094,11.01861144823,6.16752943054033,559.523727949268,7.25063722698797,12.0180992457769,0.551454722881317,-120.541076783_44.477715969,5,52.5,35,-0.342705756944169,15.93197632,50,1.041666667,PIPO,PIPO,0,50,2022,3.912023005428146
11.25,27.5,5.991464547107982,20,2,H2,17,-117.5405843,46.27721889,157.4,-565,-1.03034703563817,0.60077519379845,0.704498416621248,27.5769230769231,2,-117.5405843_46.27721889,School,55,111,126,278,394,1429,N,N,698,716,696,752,768,640,711,758,749,736,0,0,172,199,118,188,45,140,223,250,239,334,414,434,722.4,0,736,-170.593193638113,434,NA,13,749.386384950805,3.45736659071865,11.7993239684283,3.01442378997224,10.4726554687499,7.62834527957346,818.430030723866,7.49378018071455,9.52174740237691,0.650364100933075,-117.5405843_46.27721889,25,27.5,30,-0.342705607113488,9.550437927,400,0,ABGR,PIPO,0,400,2022,5.991464547107982
11.25,31.25,0,0,1,EG-B9-1,330,-119.374286218,43.829604722,-83.9975279808044,-319.835456752777,0.345820656182068,0.387740208423664,0.859317612151848,30.4164300331703,2,-119.374286218_43.829604722,Egley,35,110,204,561,689,1505,Y,N,228.736022949219,232.727279663086,235.212249755859,223.087814331055,227.946365356445,213.759216308594,244.653854370117,233.087982177734,242.290756225586,276.877746582031,-428.458190917969,-351.206420898438,-202.465927124023,-105.022834777832,-109.001838684082,-112.107620239258,-45.1045112609863,-4.57358074188232,25.0876712799072,6.25651741027832,58.1632652282715,47.4205322265625,91.44384765625,90.1356048583984,235.837928771973,-389.832305908203,705.3359375,46.9946412726844,91.44384765625,NA,NA,427.909050115228,-2.27692636142479,13.4489841130982,0.899681859067756,13.6034158747822,5.58602887583671,441.270106296386,5.67819016904785,13.909137050896,0.365034013986588,-119.374286218_43.829604722,5,23.75,18.75,-0.34270555013792,4,0,0,PIPO,-,0,0,2023,0
11.25,32.5,7.047517221357296,5,1,EG-3-X,255,-119.294647911,43.855647194,-58.4666639328003,-378.162034416199,-1.06391705430519,0.105669551279815,0.55455163661312,11.449220096672,2,-119.294647911_43.855647194,Egley,45,110,179,575,705,1547,Y,N,313.776458740234,318.060333251953,314.013214111328,308.724822998047,312.987945556641,264.409210205078,326.276000976562,304.662078857422,367.965362548828,366.078277587891,26.5721874237061,-172.438934326172,-132.793243408203,-81.7819137573242,28.3277492523193,-30.2670631408691,-38.3720932006836,-52.390495300293,-66.4094772338867,-19.4297256469727,-19.111442565918,-10.1010103225708,8.88450145721436,33.7820663452148,319.695370483398,-72.9333734512329,339.506090164185,-123.486483404945,33.7820663452148,NA,NA,428.229721416503,-2.03778745468622,13.4720648866282,0.992961032941856,13.6255065843886,5.71713871597101,427.925722144944,5.75430611261229,14.0674077488271,0.358233988285065,-119.294647911_43.855647194,23.75,41.25,50,-0.342705566359399,2,1150,0,PIPO,PIPO,0,1150,2023,7.047517221357296
11.25,40,7.853604813097837,23.125,2,EA-B3-2,137,-118.514740603,44.485867621,0.8,-279.9,-1.28205651787582,0.366939793373709,0.572597613254548,7.72527472527473,2,-118.514740603_44.485867621,Easy,45,110,165,385,506,1871,N,N,169,285,302,239,346,322,305,301,304,234,0,0,0,0,0,0,0,0,1,0,7,79,90,103,280.7,0,234,-99.200444180813,103,NA,NA,792.118177596413,0.237749217068889,12.010753852021,1.98166507547218,11.779410685417,6.12425153454497,847.390075124656,5.06867638447461,10.057830337059,0.650610208511353,-118.514740603_44.485867621,35.625,63.75,25.625,-0.342705559606286,4,2250,37.109375,?,PICO,325,2575,2023,7.718685495198466
12.5,31.25,3.912023005428146,0,1,HRN2,659,-120.542380917,44.470704422,162.7,-141.4,-0.393460425924227,1.24958895100296,0.868498587221224,35.1428571428572,1,-120.542380917_44.470704422,HR,15,110,119,535,661,1430,Y,N,225,193,218,315,284,318,284,371,425,408,0,0,0,0,78,147,133,251,301,337,380,330,356,307,304.1,0,408,-37.8510804154463,380,7,7,488.562194384424,0.940657803057502,13.5563629013949,1.69306944167194,12.8535494603458,7.24851035222618,512.81272096222,7.47911689924324,12.7913467946889,0.645423054695129,-120.542380917_44.470704422,2.5,30,43.75,-0.342705574376556,19.98384094,50,0.911458333,PSME,PIPO,0,50,2022,3.912023005428146
12.5,77.5,4.605170185988092,0,1,EG-12-1,324,-119.373051135,43.686044582,68.7814094543457,-313.362285614014,0.595676438695543,1.19564117942471,0.699401749474406,47.1240781846937,1,-119.373051135_43.686044582,Egley,45,110,182,518,642,1763,Y,N,355.378173828125,373.066772460938,390.933746337891,354.484924316406,368.460968017578,345.683868408203,371.881195068359,415.050415039062,439.970977783203,406.525909423828,-386.189270019531,-365.975708007812,32.3740997314453,224.162017822266,87.967643737793,-50.7386016845703,71.6454162597656,64.1664199829102,124.73950958252,198.817840576172,300.655456542969,332.182922363281,435.760803222656,456.90673828125,382.143695068359,-376.082489013672,792.715179443359,85.9015045629124,456.90673828125,11,10,427.054120332081,-1.32971308869909,12.6353075301156,1.36876694048808,12.8513902789063,5.65279722070825,422.353285062393,5.98038107525746,12.731070330204,0.416337966918945,-119.373051135_43.686044582,21.25,73.75,18.75,-0.342705705315417,8,100,0.260416666666667,JUOC-PIPO,PIPO,0,100,2023,4.605170185988092
12.5,88.75,5.616771097666572,1.25,1,EG-1-1,358,-119.383671504,43.787999621,97.3965419769287,-400.557461929321,0.775384189691353,1.01946749040851,0.861542200168539,65.880894943908,1,-119.383671504_43.787999621,Egley,45,111,128,606,737,1544,Y,N,515.625,549.763061523438,488.306823730469,504.604949951172,446.557983398438,465.690765380859,464.046020507812,522.27490234375,511.154205322266,511.516326904297,-409.224731445312,-438.902740478516,-239.805465698242,91.4801712036133,35.5819129943848,101.358413696289,196.569915771484,189.014541625977,257.49560546875,312.050628662109,469.122436523438,425.646850585938,398.478637695312,507.647918701172,497.95400390625,-424.063735961914,920.741058349609,162.373645449196,507.647918701172,10,9,373.216426629847,-1.98141212372787,13.9905498706827,1.01814493795904,14.3408316384709,6.00456887347739,373.235376959601,6.06242202892076,14.5006405245525,NA,-119.383671504_43.787999621,5,70,28.125,-0.342705590421883,4,275,8.52864583333333,PIPO,PIPO,0,275,2023,5.616771097666572
13.125,3.75,6.354370040797351,8.75,3,FL-5-2,241,-119.204682614,44.17341242,0,-104.2,-0.833358158209923,0,0,0,2,-119.204682614_44.17341242,Flagtail,45,109,177,541,676,1537,Y,N,59,110,51,180,90,155,176,85,44,92,0,0,0,0,0,0,0,0,0,0,0,0,0,0,104.2,0,92,-22.9170249169164,0,NA,NA,522.293330147289,-1.46649289485508,13.5245205397356,1.11040995943025,13.4709179026694,6.02901382244027,532.930948935033,5.63323868810469,13.368432214561,0.445970803499222,-119.204682614_44.17341242,20.625,43.75,15,-0.342705580007344,2,400,5.53385416666667,PIPO,PIPO,175,575,2023,5.991464547107982
13.75,37.5,7.600902459542082,36.25,2,M28,5,-117.5135114,46.28296352,379.4,-313.7,0.294824460902766,0.910402539316116,0.953909094432483,34.5659340659341,1,-117.5135114_46.28296352,School,55,111,107,322,455,1318,N,N,634,719,668,684,691,685,735,711,707,697,0,162,303,333,314,367,428,441,442,482,522,594,616,631,693.1,81,697,39.2779574719743,631,11,6,641.697801852053,3.47860412942678,11.9248539717914,3.0217397146424,10.5705681880724,7.70172905060909,700.912097217364,7.84082928231135,10.3663880729207,0.660793781280518,-117.5135114_46.28296352,16.25,50,37.5,-0.342705689219172,37.43136978,2000,1.82292,PSME,ABGR,0,2000,2022,7.600902459542082
13.75,40,7.718685495198466,18.75,2,EG-1-2,410,-119.401692156,43.842209204,-58.8410066604614,-388.190188789368,-1.77409232159133,0.380468923882754,0.272543670155409,12.4242398188664,2,-119.401692156_43.842209204,Egley,45,110,145,561,691,1526,Y,N,285.328521728516,303.1513671875,325.562042236328,305.985778808594,358.123077392578,306.105621337891,329.187408447266,315.441772460938,378.343963623047,386.262268066406,-153.032836914062,-136.567840576172,81.8505325317383,-12.9554653167725,-80.2269058227539,-125.852920532227,-41.3694725036621,-139.347137451172,-118.462509155273,-36.9276237487793,21.449275970459,41.0392684936523,95.4898910522461,125.30712890625,329.349182128906,-144.800338745117,539.295104980469,-171.539271026355,125.30712890625,NA,NA,411.04813803178,-2.1427345917783,13.8720734357052,0.917131432761655,14.134119525128,5.86466942196344,426.362612679848,5.72502197079874,14.0692821336988,0.399951100349426,-119.401692156_43.842209204,25,56.875,26.875,-0.342705695345429,8,2250,0,PIPO,PIPO,0,2250,2023,7.718685495198466
13.75,63.75,4.31748811353631,0.625,1,EG-7-3,376,-119.389555461,43.819497068,151.876461410522,-263.497153091431,1.56961527125924,0.862470373697155,0.481529435127989,30.9993464920547,1,-119.389555461_43.819497068,Egley,45,110,170,573,703,1524,Y,N,364.334808349609,437.63037109375,421.095001220703,454.693878173828,388.933441162109,386.113464355469,406.565643310547,394.658752441406,433.333343505859,466.37744140625,-416.820709228516,-321.619567871094,57.7507591247559,90.154655456543,255.21208190918,233.27555847168,281.086730957031,111.265647888184,184.247543334961,269.143768310547,358.247436523438,234.886032104492,259.012023925781,307.154754638672,415.373614501953,-369.220138549805,883.198150634766,233.495963263448,358.247436523438,10,4,427.909050115228,-2.27692636142479,13.4489841130982,0.899681859067756,13.6034158747822,5.58602887583671,395.639076216598,5.89027760713145,14.2572274078745,NA,-119.389555461_43.819497068,13.75,23.75,58.75,-0.342705729718037,10,75,1.69270833333333,PIPO,PIPO,0,75,2023,4.31748811353631
13.75,86.25,6.354370040797351,10.625,1,EA-2-3,142,-118.517857253,44.474844237,417.3,-107.4,2.2268402238248,1.1454164284353,0.711272223161417,33.5769230769231,1,-118.517857253_44.474844237,Easy,65,111,191,429,556,1571,N,N,501,494,558,561,540,533,546,562,521,431,0,110,261,267,389,410,533,574,601,466,562,572,581,542,524.7,55,431,221.265392704724,601,6,4,786.594682803596,0.400301735313966,11.9530340843499,2.02178053532545,11.6062251948942,6.17666790983195,784.686251693241,5.88077189093517,10.943324042308,0.470364272594452,-118.517857253_44.474844237,3.125,67.5,31.25,-0.342705660336621,16,550,10.4166666666667,?,PIPO,25,575,2023,6.309918278226516
16.25,30,8.070906088787819,8.75,2,M29,3,-117.5078939,46.28385453,370.3,-252.1,-0.644613194608961,0.708547557840617,0.0381171992748842,2.15384615384615,2,-117.5078939_46.28385453,School,55,111,146,322,455,1318,N,N,626,652,554,660,631,561,610,607,719,604,83,389,428,394,333,413,298,382,348,333,385,410,422,441,622.4,236,521,-45.5908276289657,441,NA,1,641.697801852053,3.47860412942678,11.9248539717914,3.0217397146424,10.5705681880724,7.70172905060909,688.29086920609,7.94413864618923,10.1028154609265,NA,-117.5078939_46.28385453,67.5,60,30,-0.342705670134645,32.58668137,3200,2.08333,PSME,PSME,0,3200,2022,8.070906088787819
17.5,83.75,5.616771097666572,5,1,EA-4-3,124,-118.494419441,44.490646943,332.8,57.7,3.86726911069163,1.92293711377681,0.53570533705744,35.1593406593407,1,-118.494419441_44.490646943,Easy,55,110,207,388,513,1861,N,N,252,272,307,279,249,290,329,234,306,233,0,0,62,224,142,324,506,527,526,529,488,450,433,362,275.1,0,233,243.256976043741,529,3,3,792.118177596413,0.237749217068889,12.010753852021,1.98166507547218,11.779410685417,6.12425153454497,816.642892950833,5.73954592054065,10.8827088251216,0.604367256164551,-118.494419441_44.490646943,6.875,55.625,42.5,-0.342705685165192,12,250,6.38020833333333,PIPO,PICO,25,275,2023,5.521460917862246
17.5,85,6.980075940561763,2.5,1,WH-2-3,593,-119.879273959,44.959343908,376.8,35.5,2.47041791838373,1.98652212130091,0.761230843822236,47.3956043956044,1,-119.879273959_44.959343908,Wheeler,25,110,140,492,627,1355,N,N,414,453,412,310,211,175,276,392,387,383,0,124,91,150,287,335,442,580,591,678,490,651,475,667,341.3,62,383,175.527104550166,678,4,4,389.860366761371,2.03703007663148,13.4316104978484,2.10911561658193,12.5987896807656,7.73432028723993,441.364126135026,7.86758097859215,12.2299719523796,0.376813381910324,-119.879273959_44.959343908,15,92.5,7.5,-0.342705551446957,21,350,29.8828125,PIPO,LAOC,725,1075,2023,5.857933154483459
18.125,55,7.069023426578259,3.75,1,WH-1-1,583,-119.854064861,44.939279198,200,-230.1,-0.671980154992739,0.895140664961637,0.774504814253508,24.6538461538462,1,-119.854064861_44.939279198,Wheeler,25,110,179,551,685,1073,Y,N,376,386,512,357,371,382,439,432,551,495,20,139,91,45,125,152,231,351,265,296,305,331,292,385,430.1,79.5,475,-67.7736848983866,385,7,7,389.860366761371,2.03703007663148,13.4316104978484,2.10911561658193,12.5987896807656,7.73432028723993,408.505211267086,8.86759050354871,14.5884937993454,0.280260533094406,-119.854064861_44.939279198,10,85,11.875,-0.342705727938306,19,600,57.03125,PIPO,PIPO,575,1175,2023,6.396929655216146
18.75,66.25,5.1647859739235145,0,1,EG-2-3,258,-119.299793337,43.858278216,-46.6001632213593,-140.560127210617,1.67330423110811,1.12947610398989,0.627388368814668,31.7776960750203,1,-119.299793337_43.858278216,Egley,25,110,193,575,705,1548,Y,N,92.0940780639648,89.0736312866211,66.1276321411133,72.6623001098633,56.6361541748047,107.068298339844,80.7600936889648,83.5486679077148,141.344955444336,150.283828735352,-384.437377929688,-404.730255126953,-231.020401000977,-184.254608154297,25.1389255523682,50.676570892334,59.1597595214844,2.89549875259399,48.9586143493652,90.2121124267578,76.9621505737305,106.125534057617,67.9205856323242,79.099006652832,93.9599639892578,-394.58381652832,534.721206665039,188.966567086412,106.125534057617,9,6,428.229721416503,-2.03778745468622,13.4720648866282,0.992961032941856,13.6255065843886,5.71713871597101,434.81035364288,5.83147113285103,14.1680945078559,0.341644525527954,-119.299793337_43.858278216,37.5,28.75,52.5,-0.342705741620873,2,175,4.296875,JUOC,JUOC,0,175,2023,5.1647859739235145
19.375,93.75,6.980075940561763,17.5,1,EA-3-3,136,-118.514554513,44.49955717,346.9,-57.5,1.89231731957707,1.54549950544016,0.858239130988833,56.0659340659341,1,-118.514554513_44.49955717,Easy,55,110,230,409,533,1778,N,N,373,346,403,382,437,439,431,434,459,340,0,0,0,136,236,389,464,490,576,575,603,617,625,595,404.4,0,340,213.727432924065,625,5,5,792.118177596413,0.237749217068889,12.010753852021,1.98166507547218,11.779410685417,6.12425153454497,828.120352460249,5.68497692386421,10.4441445034704,0.538019180297852,-118.514554513_44.49955717,3.125,57.5,40,-0.342705770145288,16,1000,17.96875,?,PICO,75,1075,2023,6.907755278982137
2.5,47.5,7.707512194600341,7.5,1,H18,58,-117.6030707,46.24760116,319,-411.8,-0.0836728838345905,0.655446086480569,0.836087507168985,22.8736263736264,1,-117.6030707_46.24760116,School,65,111,139,319,441,1465,N,N,754,745,737,780,751,745,660,688,716,732,0,132,253,319,308,313,286,389,423,382,385,459,456,479,730.8,66,732,-10.9359392523149,479,NA,11,997.940814568214,2.51040982241677,11.676513686971,2.61485291875298,10.5523832754278,7.09346175469386,995.516013957009,6.74104252905945,8.8654739375639,NA,-117.6030707_46.24760116,28.75,48.75,46.25,-0.342705553293945,16.11786842,2200,0.52083,?-ABGR,ABGR,25,2225,2022,7.696212639346407
2.5,56.25,3.912023005428146,0,1,WH-2-1,608,-119.899516376,44.954966429,245.7,-180,-0.0151728688948765,0.930232558139535,0.780493276455537,20.3351648351648,1,-119.899516376_44.954966429,Wheeler,25,110,239,481,614,1425,N,N,426,440,435,430,345,366,364,420,548,483,0,182,98,122,256,253,275,286,308,335,342,365,296,396,425.7,91,483,-1.31535205645855,396,10,4,399.61538947114,1.77567602276931,12.8481534077579,2.06324257257354,11.984548778031,7.3119147152636,429.058243228095,7.74942375074373,12.2476162610274,0.239197358489037,-119.899516376_44.954966429,12.5,51.25,18.75,-0.34270578553591,31,50,0.9765625,PIPO,PIPO,0,50,2023,3.912023005428146
20,55,0,0,1,HRS8,619,-120.457295014,44.467842973,234,-180.6,0.532119770612246,1.12156295224313,0.747052460046898,34.0989010989011,1,-120.457295014_44.467842973,HR,0,108,220,473,599,1405,N,N,356,335,399,437,437,464,404,433,425,456,0,0,41,86,144,240,301,388,296,379,465,449,351,328,414.6,0,456,55.9627288140416,465,7,6,513.462226724857,0.953850009566081,13.3078464134085,1.68140980634345,12.489668064928,7.13084821148731,557.758066332434,6.99680255278185,11.9278614894569,0.612248599529266,-120.457295014_44.467842973,10,48.75,22.5,-0.342705758584453,13.35373592,0,0.78125,N/A,N/A,0,0,2022,0
21.25,40,6.214608098422191,1.25,1,BCN6,189,-118.975480973,45.049574189,264.8,-317.7,-0.613337003736381,0.580257510729614,0.207039752778774,4.67032967032967,2,-118.975480973_45.049574189,BC,45,111,105,575,713,1006,Y,N,464,604,566,596,605,574,624,615,635,542,99,209,284,279,273,211,268,292,328,281,223,338,296,293,582.5,154,443,-61.8511066907557,338,NA,NA,461.994244944837,1.36385881928926,15.1226103308388,1.48723857510119,14.4212372460179,8.24323457506403,430.093272508521,8.56238667268652,14.942175044255,0.484492748975754,-118.975480973_45.049574189,15,51.25,32.5,-0.342705640120222,25.30930328,500,1.5625,PSME,PIPO,0,500,2022,6.214608098422191
21.25,41.25,3.912023005428146,0,1,BCN10,183,-118.963112553,45.054521163,262.4,-298,-0.449559584158419,0.633476088508208,0.496965242485794,10.532967032967,2,-118.963112553_45.054521163,BC,55,110,56,569,707,920,Y,N,467,432,589,617,598,555,641,534,536,635,0,168,257,299,234,249,268,181,294,333,341,308,355,314,560.4,84,635,-43.9222843054686,355,NA,10,450.493418887503,1.17088333090003,15.2964895453453,1.4091898477721,14.6280954951113,8.23368643812269,445.597321219349,8.37872245463842,14.6123056440589,0.503375053405762,-118.963112553_45.054521163,15,50,42.5,-0.342705585286455,31.16896057,50,0.390625,PSME,PIPO,0,50,2022,3.912023005428146
21.25,67.5,6.214608098422191,1.25,1,EG-B1-1,349,-119.381338595,43.824272657,19.9877529501915,-376.503277933598,0.866897724708326,0.809544830532055,0.685833082910617,42.8068284883604,1,-119.381338595_43.824272657,Egley,45,111,171,576,707,1574,Y,N,385.022705078125,379.462310791016,366.652679443359,373.059173583984,420.778167724609,381.911712646484,383.114135742188,397.984893798828,431.225128173828,445.699401855469,-432.075469970703,-434.947052001953,-195.3125,80.6070861816406,61.5018692016602,103.139015197754,134.93896484375,-1.19976007938385,48.071216583252,161.868545532227,241.210144042969,177.239318847656,264.497863769531,320.977264404297,396.491030883789,-433.511260986328,877.774871826172,156.224092451511,320.977264404297,13,10,427.909050115228,-2.27692636142479,13.4489841130982,0.899681859067756,13.6034158747822,5.58602887583671,424.910977491144,5.67870195614721,13.9159956371069,0.366145461797714,-119.381338595_43.824272657,8.75,40.625,47.5,-0.342705582855011,3,500,0.260416666666667,PIPO,PIPO,0,500,2023,6.214608098422191
22.5,11.25,7.047517221357296,17.5,2,CA-3-2,161,-118.824737391,44.038454561,17.2,-452.6,-1.34616077311232,0.140485312899106,0.320407501736513,4.08791208791209,2,-118.824737391_44.038454561,Calamity,55,111,174,558,690,1726,Y,N,436,527,505,448,508,487,462,418,482,425,0,0,0,0,23,0,0,61,21,1,66,55,0,62,469.8,0,425,-154.761256776157,66,NA,NA,519.883072209697,0.23931562542864,11.8450904753037,1.98762845395272,11.9412350056932,6.04220305036617,533.715572990734,5.86857558114661,11.6820736172723,NA,-118.824731437_44.038452097,40,62.5,18.75,-0.342705658266593,14,1150,9.04947916666667,PICO,PIPO,0,1150,2023,7.047517221357296
22.5,78.75,5.0106352940962555,0,1,CA-2-3,152,-118.797845319,43.999130173,249.9,-186.2,0.510373771219929,1.30933272185279,0.943208438905137,51.8351648351649,1,-118.797845319_43.999130173,Calamity,45,111,204,608,743,1602,Y,N,459,419,415,437,422,396,457,423,461,472,0,0,0,29,167,248,317,362,438,466,472,468,556,571,436.1,0,472,59.9551710148133,571,7,6,459.838061750059,0.18735260671565,12.6698562188761,1.78537502813684,12.7290703607246,6.42860441279588,457.152780367435,6.21132556330182,12.8716921884185,0.226844608783722,-118.797845319_43.999130173,21.25,55,40,-0.342705785839929,8,150,3.515625,PIPO,JUOC-PIPO,0,150,2023,5.0106352940962555
22.5,80,5.0106352940962555,0,1,WH-1-3,598,-119.890142491,44.960611047,362.2,0.199999999999989,1.96677364962474,1.33701657458564,0.561893416566995,19.2692307692308,1,-119.890142491_44.960611047,Wheeler,15,110,238,469,602,1440,N,N,286,395,377,273,313,269,392,457,422,436,0,247,234,184,373,359,412,480,475,463,395,446,374,484,362,123.5,436,128.638654896458,484,4,1,389.860366761371,2.03703007663148,13.4316104978484,2.10911561658193,12.5987896807656,7.73432028723993,438.800683428524,7.4926413339673,11.7976718324969,0.365075588226318,-119.890142491_44.960611047,6.25,70,18.75,-0.342705778403653,29,150,0,PSME,PIPO,0,150,2023,5.0106352940962555
23.125,91.25,8.294049640102028,43.75,2,EA-5-3,112,-118.479230509,44.502956513,429.1,-104.8,1.96301842631582,1.26802772054692,0.744514157419243,55.2197802197802,1,-118.479230509_44.502956513,Easy,55,110,161,487,615,1544,N,N,469,504,528,419,584,602,546,489,647,551,0,0,21,212,386,548,618,594,658,577,677,676,658,673,533.9,0,551,277.119464583566,677,5,4,792.118177596413,0.237749217068889,12.010753852021,1.98166507547218,11.779410685417,6.12425153454497,725.768119057983,6.15413885749448,12.0670917179015,0.536135077476501,-118.479230509_44.502956513,14.375,72.5,27.5,-0.342705747941131,13,4000,52.2135416666667,?,PICO,0,4000,2023,8.294049640102028
23.75,66.25,4.605170185988092,1.25,1,EG-9-3,389,-119.393399631,43.707399428,58.6584463119507,-228.440383338928,0.798238297176822,1.33299879015008,0.825359322172364,51.1872819753794,1,-119.393399631_43.707399428,Egley,35,110,191,511,638,1749,N,N,329.058380126953,300.189758300781,311.126861572266,295.318542480469,227.824813842773,270.270263671875,276.325622558594,274.457550048828,312.017639160156,274.398864746094,-339.077972412109,-349.926788330078,-125.687065124512,4.6745777130127,-63.5564575195312,-52.6972236633301,113.52734375,175.718856811523,280.924194335938,262.591949462891,341.015075683594,318.882202148438,382.702392578125,234.342834472656,287.098829650879,-344.502380371094,613.476837158203,106.073383197103,382.702392578125,8,7,408.44415974653,-1.73938715319926,13.0201133340064,1.1694123954596,13.2272512915686,5.64036309040357,454.243580202684,5.83821084794253,12.4934209801631,0.385150551795959,-119.393399631_43.707399428,8.75,42.5,32.5,-0.342705783966251,2,100,0,PIPO?,PIPO,0,100,2023,4.605170185988092
26.25,13.125,6.802394763324311,0,3,EG-11-2,502,-119.595008647,43.838174945,-194.938913726807,-427.909227752686,-0.9489180895628,-0.470219841344045,0.609922058288596,11.9828441326435,2,-119.595008647_43.838174945,Egley,35,110,183,563,692,1643,Y,N,206.408340454102,240.257278442383,278.960662841797,210.035842895508,250.095169067383,190.784744262695,219.842163085938,206.921417236328,258.540374755859,267.857147216797,-349.274780273438,-332.456420898438,-166.558227539062,-201.164291381836,-247.878784179688,-205.377578735352,-196.697982788086,-187.67366027832,-136.972702026367,-165.062225341797,-109.547264099121,-134.436630249023,-138.410751342773,-129.476577758789,232.970314025879,-340.865600585938,617.131927490234,-117.7677876742,-109.547264099121,NA,NA,461.488737339366,-2.76532815161326,13.491389198685,0.691760113888479,13.5588217939426,5.36303052353585,455.43764186023,5.37878608288437,13.7723192654787,NA,-119.595008647_43.838174945,15,40,20.625,-0.342705741620873,1,900,2.86458333333333,JUOC,PIPO,0,900,2023,6.802394763324311
26.25,31.25,5.616771097666572,0,3,EG-5-2,457,-119.433721128,43.826353169,-157.246573638916,-603.709055328369,-0.65422393006415,0.0539953187364434,0.763830846667574,25.0956851571471,2,-119.433721128_43.826353169,Egley,55,111,166,615,747,1476,Y,N,485.858581542969,442.751831054688,488.283111572266,450.528350830078,392.441864013672,401.826477050781,477.772094726562,422.641510009766,425.706481933594,476.814514160156,-369.607849121094,-390.434783935547,-153.812255859375,-141.930252075195,-193.034454345703,-132.115997314453,-162.077377319336,-145.0068359375,-145.058624267578,-74.4713439941406,-34.523811340332,20.0589962005615,11.0612859725952,24.1068840026855,446.462481689453,-380.02131652832,846.42236328125,-121.46636556583,24.1068840026855,NA,NA,416.01807571925,-2.24804392764381,13.716344013608,0.864908066931516,13.8824351844233,5.73415004298211,374.924574958125,6.16267925294161,14.5372793247253,0.394546687602997,-119.433721128_43.826353169,21.25,45,25,-0.342705645930189,8,275,1.10677083333333,PIPO,PIPO,0,275,2023,5.616771097666572
27.5,67.5,6.163314804034641,12.5,1,WH-5-3,557,-119.809468774,44.950182844,313.6,-127.6,1.1001150874713,1.11967361740707,0.452057023261008,19.9230769230769,1,-119.809468774_44.950182844,Wheeler,0,101,206,503,635,1161,N,N,392,414,485,415,399,447,485,410,482,483,0,207,136,182,224,344,396,494,426,450,277,417,335,422,441.2,103.5,483,93.0182296684578,494,6,5,392.062340111688,2.09704689161957,13.5120441926732,2.0907642906265,12.679224938923,7.80454554214638,437.691343971071,8.3140317966127,12.9680596168613,NA,-119.809468774_44.950182844,3.75,53.75,32.5,-0.342705786699723,14,325,3.77604166666667,PIPO,PIPO-PIPO,150,475,2023,5.783825182329737
28.75,40.625,6.1092475827643655,12.5,1,CA-2-2,166,-118.830563235,44.039559347,21.6,-434,-1.50356119086742,0.311676909569798,0.785707056589588,13.6758241758242,2,-118.830563235_44.039559347,Calamity,45,110,121,558,690,1726,Y,N,425,479,475,490,443,457,446,442,459,440,0,0,0,0,0,0,0,6,40,41,129,132,120,142,455.6,0,440,-173.148701559577,142,NA,NA,519.883072209697,0.23931562542864,11.8450904753037,1.98762845395272,11.9412350056932,6.04220305036617,519.36922465033,5.97829553548509,12.1827029387625,NA,-118.830563235_44.039559347,32.5,67.5,14.375,-0.342705574638695,16,450,8.07291666666667,PIPO,PIPO,0,450,2023,6.1092475827643655
28.75,55,5.926926025970411,11.25,1,WH-3-1,564,-119.82171311,44.955969166,139.3,-378.3,-1.05076613570754,0.701313755795981,0.802112301349221,28.0659340659341,2,-119.82171311_44.955969166,Wheeler,15,110,183,470,600,1240,N,N,478,586,596,456,432,390,504,588,549,597,0,80,0,0,38,86,158,250,234,235,312,291,210,363,517.6,40,597,-144.668074702479,363,NA,10,392.062340111688,2.09704689161957,13.5120441926732,2.0907642906265,12.679224938923,7.80454554214638,445.170692788779,8.00125476726059,12.5176192202963,0.268052756786346,-119.82171311_44.955969166,3.125,62.5,28.75,-0.342705643893944,22,275,15.1692708333333,PIPO,PIPO,100,375,2023,5.616771097666572
28.75,70,3.912023005428146,3.75,1,CA-4-1,155,-118.806875456,43.993536097,205.7,-269.6,0.0578931715325369,1.04986324426678,0.96507057996894,42.010989010989,1,-118.806875456_43.993536097,Calamity,45,110,145,608,743,1586,Y,N,437,500,496,485,477,421,456,488,468,525,0,0,0,88,183,181,248,309,277,353,418,389,474,499,475.3,0,525,6.99686761157798,499,10,7,459.838061750059,0.18735260671565,12.6698562188761,1.78537502813684,12.7290703607246,6.42860441279588,435.725961790752,6.11771378164222,13.7675973231197,0.257605701684952,-118.806875456_43.993536097,32.5,72.5,16.25,-0.342705570911123,15,50,2.47395833333333,PIPO,PIPO,0,50,2023,3.912023005428146
28.75,75,0,0,1,EG-B8-1,345,-119.38005754,43.703868491,-21.5093877792358,-455.581696128845,0.0416857209104508,0.610882918117106,0.880237848724897,43.6719497953142,1,-119.38005754_43.703868491,Egley,45,111,185,509,634,1692,N,N,461.382934570312,488.513214111328,436.464080810547,437.048309326172,416.33935546875,423.953582763672,396.903015136719,401.405548095703,429.390106201172,449.322937011719,-383.443359375,-377.600006103516,-131.01904296875,-11.3234252929688,-92.4646301269531,-53.7974700927734,-16.541353225708,57.8512382507324,78.6324768066406,134.358459472656,196.809875488281,223.277328491211,265.167358398438,237.341766357422,434.072308349609,-380.521682739258,832.766296386719,7.04680477316477,265.167358398438,NA,12,427.054120332081,-1.32971308869909,12.6353075301156,1.36876694048808,12.8513902789063,5.65279722070825,449.067961288981,5.94944250192151,12.7227475155165,0.36450207233429,-119.38005754_43.703868491,7.5,72.5,15,-0.34270560906611103,4,0,0.716145833333333,PIPO,-,0,0,2023,0
3.125,20,9.878169744551839,67.5,2,EA-1-1,134,-118.512452886,44.491765645,101.1,-290,-1.00727905343306,1.36793658910764,0.907740286545664,50.2197802197803,1,-118.512452886_44.491765645,Easy,45,110,191,410,535,1871,N,N,443,372,418,370,395,392,396,400,395,330,0,0,0,0,0,21,38,145,241,240,326,444,507,535,391.1,0,330,-102.942550544227,535,10,8,792.118177596413,0.237749217068889,12.010753852021,1.98166507547218,11.779410685417,6.12425153454497,851.543431680021,5.210260537549,10.0675033338379,0.643031895160675,-118.512452886_44.491765645,32.5,90,7.5,-0.342705744827534,13,19500,64.84375,PICO,PICO,0,19500,2023,9.878169744551839
3.75,43.75,6.907755278982137,22.5,2,M26,79,-117.6325552,46.24204831,366.6,-253.2,0.0885895283444364,0.829299774120684,0.383518692792947,9.03296703296704,1,-117.6325552_46.24204831,School,55,111,101,277,396,1486,N,N,581,584,609,621,630,624,647,627,635,640,0,330,383,416,330,402,308,394,377,355,371,424,465,514,619.8,165,640,7.55928816653318,514,13,2,997.940814568214,2.51040982241677,11.676513686971,2.61485291875298,10.5523832754278,7.09346175469386,990.223878233367,6.84090387469934,8.88917997243819,NA,-117.6325552_46.24204831,30,48.75,27.5,-0.342705553782057,32.60638428,1000,1.43229,ABGR,ABGR,0,1000,2022,6.907755278982137
3.75,63.75,8.517193191416238,0,1,M4,27,-117.5618789,46.25715141,455.4,-167.8,1.56552033532069,0.864890885750963,0.555449236799204,16.7967032967033,1,-117.5618789_46.25715141,School,55,110,229,272,393,1499,N,N,546,619,657,643,623,607,627,626,656,628,0,237,386,428,505,514,412,539,472,524,537,527,535,527,623.2,118.5,628,148.211907733402,539,4,2,975.165864190642,2.21037339972291,10.845363141871,2.71643434811256,9.90550656791395,6.52786827079696,971.796448579505,6.60691378879413,8.63216361213367,0.64339292049408,-117.5618789_46.25715141,22.5,52.5,47.5,-0.342705699149792,18.56039238,4800,31.25,PIPO,ABGR,200,5000,2022,8.476371196895983
30,68.75,5.783825182329737,0,1,WH-6-3,599,-119.891720658,44.956480763,312.7,-79.1,1.30025204425275,1.34252169474222,0.82819817033117,36.489010989011,1,-119.891720658_44.956480763,Wheeler,25,110,216,491,624,1440,N,N,383,408,433,357,300,362,415,420,442,398,0,129,76,123,303,280,359,466,473,444,474,469,460,526,391.8,64.5,398,120.94705113464,526,6,4,389.860366761371,2.03703007663148,13.4316104978484,2.10911561658193,12.5987896807656,7.73432028723993,429.82062541186,7.80039755378245,12.3972012670584,0.277666807174683,-119.891720658_44.956480763,10.625,72.5,25.625,-0.342705766825985,19,250,2.99479166666667,PIPO,JUOC-PIPO,75,325,2023,5.521460917862246
30,86.25,0,0,1,WH-3-2,570,-119.836275983,44.95296922,412.2,-133.8,0.523397406138293,1.02564102564103,0.670369294475725,22.0329670329671,1,-119.836275983_44.95296922,Wheeler,25,110,215,490,624,1207,N,N,463,538,575,527,513,491,557,572,641,583,0,351,274,297,289,391,417,560,515,493,535,509,450,558,546,175.5,583,45.0464413749131,560,7,1,392.062340111688,2.09704689161957,13.5120441926732,2.0907642906265,12.679224938923,7.80454554214638,434.375428163939,8.41064210839146,13.187650352098,0.271864771842957,-119.836275983_44.95296922,6.25,82.5,17.5,-0.342705785839929,39,0,0,PIPO,-,0,0,2023,0
30.625,25,4.605170185988092,0,3,CA-1-1,167,-118.830700875,44.046038073,50.8,-386.5,-1.53338394397091,0.699748456437228,0.878591453678386,26.5604395604396,2,-118.830700875_44.046038073,Calamity,55,110,210,567,701,1729,Y,N,400,413,454,442,416,429,421,427,504,467,0,0,0,0,0,0,0,73,122,112,201,216,237,306,437.3,0,467,-177.232269967171,306,NA,13,519.883072209697,0.23931562542864,11.8450904753037,1.98762845395272,11.9412350056932,6.04220305036617,524.889964507353,6.00172347537692,12.3598020297853,0.293045878410339,-118.830700875_44.046038073,17.5,46.875,45,-0.342705781836829,6,100,0.1953125,PIPO,PIPO,0,100,2023,4.605170185988092
31.25,23.75,5.0106352940962555,1.25,3,EG-3-2,403,-119.398529332,43.753288512,-138.155828857422,-440.994650268555,-0.315802283973879,0.00522757757593209,0.486782536317276,19.5769353541699,2,-119.398529332_43.753288512,Egley,45,110,186,571,701,1591,Y,N,227.838256835938,296.144378662109,334.86767578125,318.147308349609,322.378723144531,289.719635009766,326.876525878906,298.519104003906,299.610900878906,314.285705566406,-392.166107177734,-410.138244628906,-69.1921157836914,-57.1428565979004,-191.127548217773,-144.363876342773,-145.108337402344,-118.610748291016,-91.737548828125,-112.863746643066,-41.273265838623,1.58311343193054,-10.2238187789917,1.08225107192993,302.838821411133,-401.15217590332,706.451812744141,-44.2719654937951,1.58311343193054,NA,NA,414.318150105608,-2.18414417635733,13.4022557233508,0.947789485949209,13.5776947503209,5.60905577349674,409.675139654476,5.70658207712301,13.9724426573918,NA,-119.398529332_43.753288512,18.75,27.5,45.625,-0.342705703341912,3,150,0,PIPO?,PIPO,0,150,2023,5.0106352940962555
32.5,63.75,0,0,1,HRN1,660,-120.542396321,44.471697515,174.2,-117.8,-0.0952390169011242,1.28082191780822,0.734410003624736,27.7307692307692,1,-120.542396321_44.471697515,HR,25,110,86,535,661,1406,Y,N,147,141,256,309,285,330,345,345,384,378,0,0,43,140,0,183,192,246,274,338,326,374,266,271,292,0,378,-8.16305737366648,374,7,5,488.562194384424,0.940657803057502,13.5563629013949,1.69306944167194,12.8535494603458,7.24851035222618,533.82547499244,7.60997426610085,12.427940694692,0.645423054695129,-120.542396321_44.471697515,6.25,62.5,35,-0.342705577754137,15.09740734,0,0.651041667,PSME,N/A,0,0,2022,0
32.5,72.5,7.1308988302963465,36.25,2,FL-6-2,231,-119.195086347,44.179283706,22.9,-263.1,-1.59034799363717,0.370629370629371,0.627304790499836,7.42307692307693,2,-119.195086347_44.179283706,Flagtail,45,110,202,551,685,1549,Y,N,229,243,266,326,271,361,346,201,271,346,16,0,0,38,0,0,31,0,24,80,56,34,82,106,286,8,330,-109.80581088376,106,NA,NA,522.293330147289,-1.46649289485508,13.5245205397356,1.11040995943025,13.4709179026694,6.02901382244027,530.965824341077,5.64057645081299,13.318213069321,0.437550663948059,-119.195086347_44.179283706,22.5,88.75,8.75,-0.342705729718037,10,1250,34.2447916666667,PIPO,PIPO,0,1250,2023,7.1308988302963465
35,63.75,3.2188758248682006,0,1,EG-3-3,335,-119.376774435,43.8321037,44.0462465286255,-143.600253105164,1.68129319790807,1.389078569064,0.762634583824648,37.0175281147381,1,-119.376774435_43.8321037,Egley,25,110,195,561,689,1505,Y,N,172.895782470703,144.186050415039,193.50732421875,201.560470581055,177.857849121094,191.32405090332,164.10417175293,207.171310424805,194.322402954102,229.535583496094,-412.742370605469,-355.392944335938,-35.5029602050781,-13.5043888092041,53.9861907958984,32.6283988952637,109.74178314209,65.3146438598633,135.150985717773,187.385025024414,260.655731201172,213.891082763672,206.349212646484,255.17643737793,187.646499633789,-384.067657470703,642.277954101562,177.141213066002,260.655731201172,9,8,427.909050115228,-2.27692636142479,13.4489841130982,0.899681859067756,13.6034158747822,5.58602887583671,441.270106296386,5.67819016904785,13.909137050896,0.365034013986588,-119.376774435_43.8321037,28.75,43.75,40,-0.342705773186635,9,25,0,PIPO,PIPO,0,25,2023,3.2188758248682006
35,67.5,5.1647859739235145,0.625,1,EG-2-X,379,-119.389896942,43.728245585,-79.3410083770752,-396.803621292114,-0.0301759334351949,0.703608618636839,0.904944702746256,45.0761295570122,1,-119.389896942_43.728245585,Egley,45,110,172,501,628,1761,N,N,358.119659423828,296.631072998047,314.465423583984,279.613220214844,316.975067138672,266.203704833984,346.251068115234,284.609436035156,355.177978515625,356.579498291016,-318.162292480469,-425.343017578125,-225.734466552734,-116.074699401855,-120.272575378418,-94.6196670532227,-44.4839859008789,-27.4599533081055,50.1635780334473,99.3035888671875,111.111114501953,223.369430541992,187.30158996582,175.365921020508,317.462612915039,-371.752655029297,674.741790771484,-4.89511378077901,223.369430541992,NA,11,398.303433222944,-1.97581276749976,13.4399924728451,1.04532065230409,13.6750116712793,5.7320898526727,456.84779834682,5.8193422499714,12.3088618728797,NA,-119.389896942_43.728245585,26.875,56.25,33.125,-0.342705624028134,3,175,2.01822916666667,PIPO,PIPO,0,175,2023,5.1647859739235145
36.25,11.25,7.090076835776092,3.75,3,BCN4,188,-118.97464866,45.046283248,103.2,-457.5,-1.00926106239989,0.310326377742108,0.103735691061358,3.67582417582418,2,-118.97464866_45.046283248,BC,55,111,185,575,713,1006,Y,N,496,533,597,652,598,572,562,505,583,509,8,67,117,76,104,121,161,34,138,167,47,112,114,174,560.7,37.5,501,-119.428309766384,174,NA,NA,461.994244944837,1.36385881928926,15.1226103308388,1.48723857510119,14.4212372460179,8.24323457506403,423.905078205748,8.48512384150556,14.6753611308435,0.47465118765831,-118.97464866_45.046283248,17.5,50,40,-0.342705635517802,10.76336193,1200,2.34375,PSME,PIPO,0,1200,2022,7.090076835776092
36.25,40,0,0,1,BCS6,187,-118.973792994,45.028601105,259.7,-240.6,-0.565665376848283,0.629622226664002,0.00157553174196294,-0.461538461538461,2,-118.973792994_45.028601105,BC,35,110,92,633,771,989,Y,N,421,549,512,506,570,468,506,476,492,503,66,193,293,263,210,243,295,199,298,315,288,245,188,215,500.3,129.5,437,-38.1379082226454,315,NA,9,450.493418887503,1.17088333090003,15.2964895453453,1.4091898477721,14.6280954951113,8.23368643812269,427.123285451892,8.59940362613671,14.9275995706696,0.548514783382416,-118.973792994_45.028601105,7.5,51.25,40,-0.342705552056044,20.76551819,0,0.651041667,PSME,N/A,0,0,2022,0
36.25,42.5,6.802394763324311,20,2,WH-7-3,571,-119.836292302,44.957627599,545.2,45.0000000000001,4.89735277724793,1.36745301879248,0.375126998120849,19.945054945055,1,-119.836292302_44.957627599,Wheeler,25,110,170,490,624,1273,N,N,451,613,538,483,481,422,453,504,588,469,0,337,333,450,590,570,614,661,656,683,558,664,437,684,500.2,168.5,469,282.423008965889,684,3,1,392.062340111688,2.09704689161957,13.5120441926732,2.0907642906265,12.679224938923,7.80454554214638,447.372073995667,8.19078287948197,12.7465697366197,0.271864771842957,-119.836292302_44.957627599,10,59.375,37.5,-0.342705718776602,21,350,51.0416666666667,PIPO,LAOC,550,900,2023,5.857933154483459
36.25,68.75,5.41610040220442,0,1,FL-5-1,212,-119.182763699,44.201019306,135.6,-263.5,-0.654881215231871,0.846905537459283,0.800587720184568,30.7307692307692,1,-119.182763699_44.201019306,Flagtail,55,110,201,548,683,1494,Y,N,372,314,397,452,414,420,424,408,368,422,0,0,0,0,12,56,144,243,245,318,338,278,242,278,399.1,0,422,-68.3163152781581,338,10,7,456.670672435469,-2.32379824030516,14.0383993251841,0.840435454506477,14.2527143927179,5.85730054243944,496.764833421202,5.75186967125076,13.3166345987387,0.400587141513824,-119.182763699_44.201019306,27.5,48.75,48.125,-0.342705701357866,12,150,0,PIPO,PIPO,75,225,2023,5.0106352940962555
37.5,56.875,5.926926025970411,0.625,1,EG-4-1,504,-119.596256319,43.850772012,-30.0308912277222,-417.365745353699,0.0209182425608392,0.577432883225773,0.869013915706781,41.8036165971023,1,-119.596256319_43.850772012,Egley,45,111,143,548,677,1586,Y,N,334.018493652344,503.93701171875,425.692687988281,376.596832275391,359.874267578125,303.132537841797,379.207916259766,389.946319580078,369.443023681641,431.499450683594,-372.577178955078,-365.346527099609,-170.414794921875,-21.957914352417,-126.736114501953,-58.2524261474609,-25.6410255432129,58.2386360168457,97.9847106933594,119.948684692383,191.867858886719,223.659881591797,196.974899291992,193.486587524414,387.334854125977,-368.961853027344,804.076629638672,3.43813487271124,223.659881591797,NA,NA,543.282602084886,-2.49046150714116,12.5882166853272,0.791461980001331,12.4798146644585,5.04887758909304,463.32533467269,5.59394529536195,13.9892240475699,NA,-119.596256319_43.850772012,13.75,43.125,42.5,-0.342705631848039,14,375,0.520833333333333,PIPO,PIPO,0,375,2023,5.926926025970411
38.75,26.25,5.991464547107982,1.25,3,EG-12-2,433,-119.412818004,43.762404877,-164.456114578247,-613.226817703247,-0.34135828793584,0.0270098112938513,0.534235497087637,24.1739520502614,2,-119.412818004_43.762404877,Egley,45,110,179,560,689,1598,Y,N,422.641510009766,533.367309570312,447.795837402344,409.850891113281,454.205596923828,423.381469726562,445.927276611328,409.550048828125,437.248779296875,503.738311767578,-436.165161132812,-459.730255126953,-273.38916015625,12.1212120056152,-195.307113647461,-167.603302001953,-149.734298706055,-128.299575805664,-110.279296875,-102.891380310059,-69.4479751586914,-43.1893692016602,-21.2875099182129,9.25925922393799,448.770703125,-447.947708129883,939.903472900391,-66.9032935756511,12.1212120056152,NA,NA,414.318150105608,-2.18414417635733,13.4022557233508,0.947789485949209,13.5776947503209,5.60905577349674,404.648544198431,5.69790572003152,14.0225586864119,0.370717704296112,-119.412818004_43.762404877,11.25,32.5,45,-0.342705614557694,3,400,3.515625,PIPO,PIPO,0,400,2023,5.991464547107982
40,1.875,5.1647859739235145,2.5,3,CA-1-2,163,-118.827308033,44.045689978,0,-509.1,-1.59144820459488,0.0412492634060106,0.0952380952380953,0.461538461538462,2,-118.827308033_44.045689978,Calamity,55,111,168,567,701,1729,Y,N,556,552,539,537,540,505,424,453,528,457,0,0,0,0,0,0,0,0,0,0,0,21,0,0,509.1,0,457,-185.762038932914,21,NA,NA,519.883072209697,0.23931562542864,11.8450904753037,1.98762845395272,11.9412350056932,6.04220305036617,538.932984514428,5.9174313982184,11.932896718169,0.397322148084641,-118.827308033_44.045689978,46.25,55,25.625,-0.342705660336301,8,175,2.34375,PIPO,PIPO,0,175,2023,5.1647859739235145
40,16.25,6.263398262591624,6.25,3,EG-B7-2,406,-119.399193691,43.75943034,-106.033836507797,-477.560640096664,-0.319869299051021,-0.0129924182206187,0.468196778831901,16.4089406768044,2,-119.399193691_43.75943034,Egley,45,110,186,569,697,1564,Y,N,313.528350830078,369.504211425781,374.623657226562,419.297454833984,423.36083984375,358.099365234375,316.239318847656,355.555541992188,405.809844970703,379.249450683594,-299.72900390625,-354.295837402344,-157.496856689453,-4.82703161239624,-79.1788864135742,-109.901329040527,-88.2262496948242,-83.066162109375,-78.1914901733398,-84.0108413696289,-21.1436805725098,-19.9951820373535,-10.1694917678833,-8.53889942169189,371.526803588867,-327.012420654297,678.978454589844,-47.6669829626396,-4.82703161239624,NA,NA,414.318150105608,-2.18414417635733,13.4022557233508,0.947789485949209,13.5776947503209,5.60905577349674,403.362415160404,5.80859941845261,14.1574766017207,0.355477273464203,-119.399193691_43.75943034,11.25,33.75,46.25,-0.342705560473414,1,500,1.69270833333333,PIPO,PIPO,25,525,2023,6.214608098422191
42.5,33.125,5.991464547107982,1.25,3,EG-6-2,445,-119.419704109,43.728326598,-115.241704082489,-355.667984294891,-0.041412975509861,0.272959671500219,0.729493907833376,23.3280405264634,2,-119.419704109_43.728326598,Egley,35,110,179,547,676,1645,Y,N,222.493881225586,276.546081542969,287.245849609375,217.097869873047,229.067932128906,211.651916503906,226.486083984375,236.793502807617,265.21240234375,231.667282104492,-347.50732421875,-336.120941162109,-196.028182983398,-34.0577354431152,-140.043090820312,-130.849472045898,-104.911361694336,-81.3173980712891,-48.355899810791,-67.6027069091797,-13.1302518844604,23.7305431365967,65.6266784667969,20.9604663848877,240.426280212402,-341.81413269043,579.174606323242,-5.24328738224445,65.6266784667969,NA,NA,414.318150105608,-2.18414417635733,13.4022557233508,0.947789485949209,13.5776947503209,5.60905577349674,434.021564657181,5.81419466528537,13.2723268910223,0.382173418998718,-119.419704109_43.728326598,11.875,38.75,29.375,-0.342705681050924,2,400,0,JUOC,PIPO,0,400,2023,5.991464547107982
42.5,5,5.616771097666572,2.5,3,EG-1-X,374,-119.38951632,43.779260876,-95.974702835083,-340.825294876099,-1.50499913971581,0.238581698456346,0.0025828145892399,0.746790099929973,2,-119.38951632_43.779260876,Egley,35,110,181,585,717,1551,Y,N,130.801681518555,235.825805664062,244.601486206055,224.980606079102,236.084457397461,236.226409912109,257.803466796875,282.215972900391,314.685302734375,285.280731201172,-57.2614097595215,-187.165771484375,-72.218132019043,58.4168701171875,-123.086730957031,-94.8650970458984,-116.763008117676,-135.150161743164,-98.193244934082,-128.951324462891,-61.7704277038574,-69.7674407958984,-65.0201644897461,-107.446273803711,244.850592041016,-122.213590621948,342.542140960693,-145.510342046912,58.4168701171875,NA,NA,373.216426629847,-1.98141212372787,13.9905498706827,1.01814493795904,14.3408316384709,6.00456887347739,389.961212182434,5.89948227449546,14.290755974505,0.362735003232956,-119.38951632_43.779260876,15,35,48.125,-0.34270578482158,2,275,2.01822916666667,PIPO,PIPO,0,275,2023,5.616771097666572
42.5,65,3.2188758248682006,0,1,EG-6-3,276,-119.339349862,43.633328522,160.901664733887,-30.5267753601074,3.11592558206526,1.31010824099893,0.132526718401534,8.68285923213749,1,-119.339349862_43.633328522,Egley,25,110,165,596,727,1594,Y,N,206.824142456055,230.551620483398,227.951538085938,143.552307128906,56.2162170410156,99.9718399047852,130.140838623047,254.838714599609,269.423217773438,294.81396484375,-364.574127197266,-112.606781005859,141.326538085938,223.667434692383,230.527145385742,237.228118896484,187.072036743164,148.913330078125,112.257278442383,189.839569091797,250.791976928711,171.775894165039,147.344375610352,198.48567199707,191.428440093994,-238.590454101562,659.388092041016,209.919637404285,250.791976928711,3,2,346.305071837517,-1.93173528485119,13.6899623233357,1.12225370948271,14.0922697409313,5.87911351924227,368.53444971575,6.09796223583233,14.1458548343301,0.359499514102936,-119.339349862_43.633328522,11.25,36.25,48.75,-0.342705618301152,4,25,0,-,PIPO,0,25,2023,3.2188758248682006
43.75,20,7.393263094763838,12.5,3,EG-4-2,333,-119.376193832,43.697205565,-136.395337677002,-446.596706390381,-1.23625560462575,-0.202064901521799,0.478136802239034,8.29691427880591,2,-119.376193832_43.697205565,Egley,45,110,182,529,653,1692,Y,N,275.971466064453,285.103363037109,244.526901245117,245.437622070312,298.548461914062,346.7255859375,309.090911865234,366.861602783203,353.082458496094,376.665313720703,-208.435501098633,-238.428619384766,-78.0189971923828,-134.126724243164,-167.477813720703,-144.740463256836,-122.876556396484,-147.122695922852,-123.316062927246,-106.50887298584,-101.336570739746,-78.6056060791016,-86.2150650024414,-62.6808090209961,310.201368713379,-223.432060241699,585.100814819336,-165.056495166246,-62.6808090209961,NA,NA,427.054120332081,-1.32971308869909,12.6353075301156,1.36876694048808,12.8513902789063,5.65279722070825,437.994404808571,6.00410033219795,12.9891727607209,0.397146672010422,-119.376193832_43.697205565,7.5,32.5,40,-0.342705563271776,1,1600,2.734375,PIPO,PIPO,25,1625,2023,7.3777589082278725
45,38.75,6.163314804034641,2.5,3,HRN11,616,-120.447936914,44.473558838,154.9,-175.7,-0.421997297709897,1.11312764670296,0.938886306624359,31.8241758241758,1,-120.447936914_44.473558838,HR,15,110,122,438,562,1406,N,N,235,167,264,347,327,327,371,440,406,422,0,0,51,114,136,121,102,193,207,281,344,354,366,368,330.6,0,422,-42.0238556641592,368,9,8,513.462226724857,0.953850009566081,13.3078464134085,1.68140980634345,12.489668064928,7.13084821148731,598.828362280636,6.83395174389258,11.5291438954925,0.610074281692505,-120.447936914_44.473558838,18.75,52.5,28.75,-0.342705555843132,19.22698212,450,0,ABGR,PIPO,25,475,2022,6.1092475827643655
45,57.5,6.437751649736401,33.125,2,FL-B7-3,211,-119.180094152,44.203420158,139.2,-149.1,-0.369248820387183,1.31807145334721,0.761842442031902,32.2472527472528,1,-119.180094152_44.203420158,Flagtail,45,110,195,548,683,1562,Y,N,337,277,288,302,211,254,306,310,282,316,0,0,0,49,0,33,158,270,253,380,249,365,279,279,288.3,0,316,-28.7760467580015,380,7,7,456.670672435469,-2.32379824030516,14.0383993251841,0.840435454506477,14.2527143927179,5.85730054243944,489.137092427186,5.66578216806475,13.6264468734974,0.496065884828568,-119.180094152_44.203420158,10.625,55.625,39.375,-0.342705666556507,4,550,19.921875,PIPO,PIPO,75,625,2023,6.309918278226516
46.25,25,0,0,3,BCN11,191,-118.981536421,45.022371279,180.3,-428.3,-0.873933479810888,0.492934604009201,0.645562803384117,17.2307692307692,2,-118.981536421_45.022371279,BC,55,111,91,611,750,1082,Y,N,523,484,676,702,606,675,623,639,591,567,0,120,116,127,102,94,241,134,300,285,284,279,231,281,608.6,60,567,-116.968198481089,300,NA,NA,461.994244944837,1.36385881928926,15.1226103308388,1.48723857510119,14.4212372460179,8.24323457506403,414.024873324097,8.60440758937943,14.7341716933169,0.474953860044479,-118.981536421_45.022371279,23.75,65,33.75,-0.342705667540703,30.18853188,0,3.90625,PSME,N/A,0,0,2022,0
47.5,6.875,5.857933154483459,0,3,FL-4-2,238,-119.201183193,44.170926427,1.4,-292.7,-1.24517720526617,0.0476028561713703,0.0273259781619655,-0.170329670329671,2,-119.201183193_44.170926427,Flagtail,45,110,154,551,685,1537,Y,N,216,317,236,335,288,279,364,335,292,279,0,0,0,14,0,0,0,0,0,0,0,0,5,0,294.1,0,279,-106.018492804124,14,NA,NA,522.293330147289,-1.46649289485508,13.5245205397356,1.11040995943025,13.4709179026694,6.02901382244027,532.598220070996,5.62991369843198,13.4639227471538,0.445970803499222,-119.201183193_44.170926427,23.75,45,31.25,-0.342705550720321,11,225,1.82291666666667,?,PIPO,125,350,2023,5.41610040220442
47.5,72.5,3.2188758248682006,0,1,WH-3-X,561,-119.820143965,44.951722161,305.8,-52.5,-0.624812354848266,1.30337705833101,0.354874606374119,13.0879120879121,1,-119.820143965_44.951722161,Wheeler,15,110,216,505,639,1240,Y,N,409,454,436,206,221,337,432,345,345,398,83,371,269,198,157,261,304,402,351,388,357,368,314,467,358.3,227,315,-21.3498684213311,467,1,1,392.062340111688,2.09704689161957,13.5120441926732,2.0907642906265,12.679224938923,7.80454554214638,430.557187364663,8.49875231528209,13.1404584086488,0.27691662311554,-119.820143965_44.951722161,14.375,86.25,13.75,-0.342705785839974,17,25,1.30208333333333,PSME?,PIPO,0,25,2023,3.2188758248682006
48.125,27.5,10.17542126801977,59.375,2,FL-B5-2,247,-119.20991948,44.155743479,153.5,-285.4,-0.55923957724551,0.838459785828207,0.955178629679225,27.3406593406594,1,-119.20991948_44.155743479,Flagtail,55,110,168,519,650,1667,Y,N,356,367,467,427,453,432,453,461,469,504,80,0,51,100,102,158,212,216,190,231,275,275,336,368,438.9,40,424,-61.1173100171948,368,13,10,522.293330147289,-1.46649289485508,13.5245205397356,1.11040995943025,13.4709179026694,6.02901382244027,553.133830159184,5.80712596804188,12.0746853787846,0.501626253128052,-119.20991948_44.155743479,26.25,82.5,15,-0.342705618301152,10,26250,37.3697916666667,PICO,PICO,0,26250,2023,10.17542126801977
48.75,28.75,6.586171654854675,6.25,3,H12,43,-117.5839002,46.29206069,255.4,-344.9,-1.49190901768555,0.644677661169415,0.0102368391553765,-1.32417582417582,2,-117.5839002_46.29206069,School,55,110,87,307,427,1410,N,N,676,734,614,477,498,580,569,619,589,647,83,387,220,280,239,287,209,223,195,243,271,299,303,266,600.3,235,564,-134.359048887409,387,NA,1,885.482776937265,2.90299271077027,11.5860618200007,2.89221758576463,10.4930155299438,7.24452726538548,842.898116021808,7.49898801479746,9.69557265575998,0.64113062620163,-117.5839002_46.29206069,26.25,45,38.75,-0.342705551795328,16.85352516,600,0,LAOC,ABGR,125,725,2022,6.396929655216146
48.75,5,6.802394763324311,6.25,3,EG-8-2,415,-119.40432966,43.774274536,-119.555094909668,-383.950183105469,0.273808433686036,0.136638804912209,0.246667872553213,13.672558585366,2,-119.40432966_43.774274536,Egley,45,110,175,574,703,1553,Y,N,223.167266845703,273.885345458984,257.803466796875,261.318511962891,267.528411865234,276.789398193359,274.716674804688,233.293319702148,296.235687255859,279.212799072266,-448.025787353516,-427.775848388672,-104.950492858887,36.1266288757324,-148.648651123047,-87.9657897949219,-108.028335571289,-105.202972412109,-102.632995605469,-85.0281829833984,-61.4443092346191,-56.4574737548828,-44.6115303039551,-47.081901550293,264.395088195801,-437.900817871094,727.238586425781,36.7817992921061,36.1266288757324,NA,NA,391.024047405093,-2.12403650698522,13.9138135595236,0.942608211395372,14.2005711706783,5.89488852626921,396.156171754044,5.87016650642635,14.2573494237372,NA,-119.40432966_43.774274536,12.5,27.5,40,-0.342705555775023,3,900,0.651041666666667,PIPO,PIPO,0,900,2023,6.802394763324311
48.75,66.25,5.1647859739235145,1.25,1,EG-4-3,317,-119.367521316,43.825161155,97.954056930542,-235.583305740356,1.12142890141849,0.757797559513202,0.674958424512951,28.6171261294858,1,-119.367521316_43.825161155,Egley,45,110,117,620,754,1501,Y,N,327.017822265625,293.763427734375,336.279632568359,319.354827880859,301.204833984375,351.085632324219,374.647888183594,325.638916015625,342.521270751953,363.859375,-286.334045410156,-243.348983764648,-39.7301330566406,55.9334831237793,102.09992980957,158.812133789062,168.472900390625,135.842880249023,196.531799316406,217.011367797852,227.915191650391,184.023666381836,199.757141113281,252.753799438477,333.537362670898,-264.841514587402,650.193420410156,146.404603020536,252.753799438477,NA,9,427.909050115228,-2.27692636142479,13.4489841130982,0.899681859067756,13.6034158747822,5.58602887583671,418.143740088966,6.04618986545187,14.4819900906045,NA,-119.367521316_43.825161155,8.75,38.75,60,-0.342705549700482,21,175,10.8072916666667,PIPO,PIPO,0,175,2023,5.1647859739235145
51.25,10,7.24422751560335,0,3,EG-B3-2,393,-119.39503267,43.773570477,-94.930189704895,-514.127052497864,-2.23656377122354,0.150026077363746,0.00718910985497789,-1.4975932613834,2,-119.39503267_43.773570477,Egley,45,110,175,574,703,1561,Y,N,426.957214355469,427.755096435547,415.703460693359,393.455718994141,404.065032958984,421.746307373047,412.559631347656,393.00244140625,420.987152099609,475.736572265625,-60.4089202880859,-138.245025634766,62.8904609680176,24.3298969268799,-161.770172119141,-104.968505859375,-136.786193847656,-147.540985107422,-125.860992431641,-134.549606323242,-86.8007736206055,-73.9427032470703,-77.7903060913086,-30.3681812286377,419.196862792969,-99.3269729614258,536.145492553711,-251.457158126833,62.8904609680176,NA,NA,391.024047405093,-2.12403650698522,13.9138135595236,0.942608211395372,14.2005711706783,5.89488852626921,395.664263731013,5.84782498401038,14.2218894506549,NA,-119.39503267_43.773570477,6.875,23.75,43.75,-0.342705580007344,2,1400,3.90625,PIPO,PIPO,0,1400,2023,7.24422751560335
51.25,43.75,6.684611727667927,2.5,3,H15,7,-117.5137322,46.26809684,226.8,-379.4,-0.156637937349638,0.532827449686572,0.569727483122261,16.1538461538462,2,-117.5137322_46.26809684,School,65,111,149,294,417,1343,N,N,593,615,633,657,614,562,588,598,589,613,0,22,223,195,253,269,157,305,266,270,308,289,323,320,606.2,11,613,-19.3812356978812,323,NA,NA,641.697801852053,3.47860412942678,11.9248539717914,3.0217397146424,10.5705681880724,7.70172905060909,721.558709078648,7.79306948212549,9.9047297857169,NA,-117.5137322_46.26809684,28.75,46.25,41.25,-0.342705665306673,23.15473366,800,2.47396,PSME,PIPO,0,800,2022,6.684611727667927
52.5,66.25,6.802394763324311,5,1,WH-4-1,554,-119.808166488,44.951060925,454.8,-11,3.15808502102555,1.39759553456419,0.533468253488793,26.7692307692308,1,-119.808166488_44.951060925,Wheeler,25,110,200,503,635,1363,N,N,519,471,505,489,387,361,477,481,463,505,0,177,236,381,409,502,497,644,579,651,472,560,543,519,465.8,88.5,505,239.64465112314,651,3,3,386.975418088829,2.17819763771134,13.8134820485936,2.0675831024996,12.9580690077723,7.99583984315249,437.691343971071,8.3140317966127,12.9680596168613,NA,-119.808166488_44.951060925,1.875,53.125,45,-0.342705782970941,9,500,33.3333333333333,PIPO,PIPO,400,900,2023,6.214608098422191
53.75,11.25,3.2188758248682006,0,3,EG-10-2,384,-119.390559401,43.762678861,-143.754922866821,-342.696956253052,-0.199495784022985,-0.177565248009814,0.333564876280723,10.3798107524494,2,-119.390559401_43.762678861,Egley,35,110,183,569,697,1535,Y,N,110.471389770508,218.234024047852,229.658798217773,235.668792724609,192.739273071289,179.817138671875,196.366180419922,201.558624267578,213.564208984375,211.341903686523,-372.010620117188,-323.7900390625,-157.698287963867,-35.3251914978027,-169.313751220703,-132.753616333008,-156.545959472656,-144.967178344727,-135.66796875,-99.8545837402344,-81.6326522827148,-82.7876510620117,-77.5,-102.412605285645,198.94203338623,-347.900329589844,583.352523803711,-22.407877071490802,-35.3251914978027,NA,NA,398.303433222944,-1.97581276749976,13.4399924728451,1.04532065230409,13.6750116712793,5.7320898526727,399.49379059581,5.83951652211793,14.2032621664888,0.35166409611702,-119.390559401_43.762678861,10,27.5,46.25,-0.342705711165198,1,25,0,PIPO,PIPO,0,25,2023,3.2188758248682006
55,17.5,4.8283137373023015,0,3,EG-8-1,260,-119.305205962,43.833800707,-100.285455799103,-398.8250248909,-0.0217195355987089,0.419162566353135,0.909369034121329,34.3518047647162,2,-119.305205962_43.833800707,Egley,35,110,201,645,779,1409,Y,Y,281.487731933594,392.022003173828,326.99462890625,261.944000244141,270.598083496094,309.106842041016,276.148803710938,283.333343505859,286.755249023438,297.005004882812,-370.936889648438,-334.054046630859,-242.624084472656,-131.958755493164,-131.638229370117,-70.6274642944336,-113.916259765625,-27.5944805145264,-67.4882659912109,13.8128747940063,103.234153747559,81.4614334106445,125.136611938477,105.882354736328,298.539569091797,-352.495468139648,667.94189453125,-3.2300271891317,125.136611938477,NA,NA,381.967649337038,-1.95628843470339,13.8395454300178,1.00276706659255,14.090688616223,5.94162849765722,401.597756247285,6.25924037124302,14.7378037726346,0.246360450983047,-119.305205962_43.833800707,25,32.5,45,-0.342705782970941,24,125,0,JUOC,JUOC,0,125,2023,4.8283137373023015
56.25,11.25,6.652863029353347,0,3,WH-2-2,586,-119.865569131,44.949958746,158.1,-237.5,-0.619759833208076,0.811425682507583,0.582296308600289,20.1593406593407,1,-119.865569131_44.949958746,Wheeler,15,110,175,526,661,1202,Y,N,398,387,418,297,386,368,438,384,482,398,0,154,28,0,60,144,184,310,256,230,215,272,202,321,395.6,77,398,-59.8827421140463,321,13,7,389.860366761371,2.03703007663148,13.4316104978484,2.10911561658193,12.5987896807656,7.73432028723993,419.266673660088,8.40945326804148,13.5894139328324,0.269074559211731,-119.865569131_44.949958746,6.25,36.25,48.125,-0.3427056378302,18,200,42.7734375,PIPO,LAOC,575,775,2023,5.298317366548036
6.25,45,8.980927207648378,46.25,2,EA-5-1,128,-118.502220832,44.501116083,57,-281.6,-1.05073727664965,1.34967513290018,0.819873360262046,36.5054945054945,1,-118.502220832_44.501116083,Easy,45,110,95,407,532,1922,N,N,322,382,309,302,302,380,373,371,341,304,0,0,0,18,0,33,19,57,113,124,206,270,400,457,338.6,0,304,-100.518509034342,457,12,10,792.118177596413,0.237749217068889,12.010753852021,1.98166507547218,11.779410685417,6.12425153454497,793.626449991437,5.56403575525285,10.4090344797315,0.683148562908173,-118.502220832_44.501116083,15,61.25,32.5,-0.342705549536301,15,7750,44.53125,?,LAOC,200,7950,2023,8.955448122347393
6.25,46.875,7.649692623711514,28.75,2,EA-3-2,135,-118.514233482,44.482945153,20,-319.1,-0.444217478070228,0.636980241816573,0.703690865947874,18.2142857142857,2,-118.514233482_44.482945153,Easy,45,110,119,385,506,1950,N,N,315,347,437,376,383,381,373,390,389,0,0,0,0,0,0,0,54,0,50,3,93,175,216,209,339.1,0,0,-41.7228031807323,216,NA,12,792.118177596413,0.237749217068889,12.010753852021,1.98166507547218,11.779410685417,6.12425153454497,835.787514401048,5.09494004799582,10.1080920732668,0.617399513721466,-118.514233482_44.482945153,12.5,74.375,23.75,-0.342705553329124,12,1750,40.8854166666667,?,LAOC,350,2100,2023,7.4673710669175595
61.25,43.75,0,0,3,EG-7-1,321,-119.371444232,43.82988332,19.9455369949341,-347.767176628113,0.484672177796053,0.514137059373402,0.740370839942613,31.3882530966958,1,-119.371444232_43.82988332,Egley,45,110,127,585,718,1505,Y,N,363.573883056641,355.572998046875,397.572082519531,361.036987304688,361.312469482422,346.595245361328,346.1689453125,345.167663574219,382.445129394531,417.681732177734,-354.078277587891,-321.897796630859,-118.210861206055,25.0406513214111,-6.74846649169922,52.1739120483398,32.7251663208008,90.4858856201172,123.903511047363,138.075317382812,183.908050537109,158.388931274414,137.509750366211,189.054733276367,367.712713623047,-337.988037109375,771.760009765625,71.9055217043637,189.054733276367,NA,NA,427.909050115228,-2.27692636142479,13.4489841130982,0.899681859067756,13.6034158747822,5.58602887583671,443.302167042715,5.74989434520714,14.0175713414273,0.36147066950798,-119.371444232_43.82988332,27.5,36.25,47.5,-0.342705566359399,20,0,0.455729166666667,PIPO,-,0,0,2023,0
62.5,11.875,7.226209010100671,18.125,3,FL-9-2,206,-119.17446557,44.197868422,65.8,-389.1,-0.707609188278003,0.437458782149923,0.0527163270643869,3.47802197802198,2,-119.17446557_44.197868422,Flagtail,55,110,181,570,706,1494,Y,N,469,372,450,466,424,468,526,427,431,516,0,0,0,0,48,57,199,157,62,51,84,37,68,31,454.9,0,516,-86.4249300683317,199,NA,NA,456.670672435469,-2.32379824030516,14.0383993251841,0.840435454506477,14.2527143927179,5.85730054243944,493.881536649294,5.62104699392833,13.698138284009,0.421384692192078,-119.17446557_44.197868422,11.25,67.5,30,-0.342705764462873,10,1300,18.4895833333333,PICO-PIPO,PIPO,75,1375,2023,7.170119543449628
63.75,2.5,0,5,3,H1,12,-117.5343066,46.29348527,72.3,-520.3,-1.73042128110446,0.435369557880527,0.00375206646201162,1.06043956043957,2,-117.5343066_46.29348527,School,55,111,176,317,444,1269,N,N,605,543,621,596,553,619,613,620,590,566,0,258,0,88,51,55,27,70,63,43,68,155,144,115,592.6,129,566,-228.512589924504,258,NA,NA,749.386384950805,3.45736659071865,11.7993239684283,3.01442378997224,10.4726554687499,7.62834527957346,692.148083370139,8.06422233412132,10.1625457570118,NA,-117.5343066_46.29348527,21.25,36.25,41.25,-0.342705551106788,3.482126713,0,0,PIPO,PIPO,0,0,2022,0
63.75,20,7.362010551259734,10,3,EA-1-2,125,-118.498991037,44.478015733,16.4,-442.5,-0.492609363453908,0.311614730878187,0.764824572798926,12.6758241758242,2,-118.498991037_44.478015733,Easy,55,110,199,387,511,1908,N,N,486,479,516,438,539,564,507,557,503,0,0,0,0,10,0,0,19,0,10,46,79,116,141,143,458.9,0,0,-63.941000697104,143,NA,NA,792.118177596413,0.237749217068889,12.010753852021,1.98166507547218,11.779410685417,6.12425153454497,840.867171658034,5.05261240072387,9.90098657405353,0.623020231723785,-118.498991037_44.478015733,9.375,80,15.625,-0.342705726140591,4,1100,56.1197916666667,?,PICO,475,1575,2023,7.003065458786462
7.5,43,6.715383386334681,2.75,1,H10,48,-117.5946108,46.28661109,276.6,-522.4,-1.47374846328049,0.486858573216521,0.1032226485967,6.02197802197803,2,-117.5946108_46.28661109,School,75,111,138,287,407,1381,N,N,770,789,804,802,791,802,801,834,814,783,0,389,320,280,131,282,201,289,312,267,295,355,379,377,799,194.5,783,-199.92964010663,389,NA,NA,885.482776937265,2.90299271077027,11.5860618200007,2.89221758576463,10.4930155299438,7.24452726538548,938.511963366158,6.97329995892661,9.12827771101326,0.592977464199066,-117.5946108_46.28661109,13.25,36.25,47.25,-0.342705578022521,22.1185627,800,4.81771,PSME,PIPO,25,825,2022,6.684611727667927
70,61.25,6.309918278226516,1.25,3,FL-7-1,215,-119.183264092,44.17897627,192.5,-254.5,0.291716596196752,0.798657718120805,0.754096064088696,26.456043956044,1,-119.183264092_44.17897627,Flagtail,0,100,200,523,658,1648,Y,N,434,468,442,496,415,407,499,442,427,440,0,0,0,210,146,144,248,273,294,357,253,315,316,337,447,0,440,32.5273115548541,357,NA,7,522.293330147289,-1.46649289485508,13.5245205397356,1.11040995943025,13.4709179026694,6.02901382244027,528.995798484338,5.79247492629955,12.3492617023986,0.365050315856934,-119.183264092_44.17897627,27.5,48.75,42.5,-0.342705744827534,6,550,3.515625,PIPO,PIPO,0,550,2023,6.309918278226516
72.5,62.5,5.1647859739235145,0,3,EG-5-1,347,-119.380719732,43.821988046,261.399674224854,-253.943886566162,0.956070850787109,0.973862461789484,0.656912518492148,38.6533776167985,1,-119.380719732_43.821988046,Egley,45,111,167,576,707,1574,Y,N,514.803344726562,578.156311035156,505.201263427734,513.101501464844,511.512420654297,468.451232910156,484.966064453125,524.809143066406,530.715942382812,521.718383789062,-114.093955993652,-187.29866027832,86.5998153686523,289.320373535156,251.181106567383,224.563949584961,291.968292236328,305.340942382812,382.545928955078,467.901245117188,501.873748779297,464.668090820312,340.206176757812,435.394989013672,515.343560791016,-150.696308135986,635.812339782715,131.710377390231,501.873748779297,9,8,427.909050115228,-2.27692636142479,13.4489841130982,0.899681859067756,13.6034158747822,5.58602887583671,413.498953829404,5.75811807822329,14.0345757375547,0.360980868339539,-119.380719732_43.821988046,6.25,41.25,58.75,-0.342705660336301,8,175,2.9296875,PIPO,PIPO,0,175,2023,5.1647859739235145
76.25,11.875,3.2188758248682006,0,3,WH-2-X,579,-119.844086993,44.94162619,65.4,-367.6,-1.59588296865213,0.399538106235566,0.00961792820825528,1.43956043956045,2,-119.844086993_44.94162619,Wheeler,25,110,163,548,681,1204,Y,N,387,403,475,390,436,396,477,437,461,468,0,134,48,0,18,32,49,173,96,85,19,64,0,149,433,67,468,-162.357772250219,173,NA,NA,392.062340111688,2.09704689161957,13.5120441926732,2.0907642906265,12.679224938923,7.80454554214638,414.050575106883,8.63027698255799,13.973145799793,0.296694606542587,-119.844086993_44.94162619,0,38.125,58.125,-0.342705676920603,18,25,0.78125,PSME,PIPO,0,25,2023,3.2188758248682006
78.75,12.5,6.263398262591624,1.25,3,WH-5-2,576,-119.840348197,44.954447069,215,-264.6,-1.75802884429255,0.644286905754796,0.066934710823715,-3.25824175824176,2,-119.840348197_44.954447069,Wheeler,25,110,196,515,649,1273,Y,N,463,543,564,426,383,294,453,562,571,537,38,289,309,143,200,175,186,272,205,199,172,190,215,240,479.6,163.5,499,-133.081113749512,309,NA,1,392.062340111688,2.09704689161957,13.5120441926732,2.0907642906265,12.679224938923,7.80454554214638,440.82949999879,8.38806835314588,13.2798504293684,0.253966003656387,-119.840348197_44.954447069,4.375,54.375,45,-0.342705761983157,12,375,13.0208333333333,PIPO,PIPO,150,525,2023,5.926926025970411
8.75,72.5,5.703782474656201,1.875,1,EG-11-1,422,-119.407927276,43.776763052,-75.433249604702,-375.178490388393,0.379145373052421,0.519804412968876,0.798555364033843,38.9638245059894,1,-119.407927276_43.776763052,Egley,45,110,171,585,715,1553,Y,N,279.060333251953,287.878784179688,317.315032958984,299.298522949219,333.597473144531,267.085632324219,308.888000488281,245.532241821289,315.04638671875,343.75,-428.677825927734,-447.538848876953,-236.859619140625,-27.4368228912354,-106.474380493164,-76.4581451416016,-55.0871276855469,-15.5060615539551,-0.549752593040466,77.8800659179688,133.698196411133,127.10083770752,117.029861450195,155.808898925781,299.745240783691,-438.108337402344,772.427825927734,58.9371181645882,155.808898925781,NA,NA,391.024047405093,-2.12403650698522,13.9138135595236,0.942608211395372,14.2005711706783,5.89488852626921,398.969136077487,5.84326322356648,14.2333221595126,0.390199482440948,-119.407927276_43.776763052,10,21.875,56.875,-0.342705581417706,2,300,0,PIPO?,PIPO,0,300,2023,5.703782474656201
8.75,93.75,5.298317366548036,0,1,WH-5-1,573,-119.838445966,44.964470191,287.1,-220.9,-0.66705795066612,1.0492125984252,0.632423809910405,26.5439560439561,1,-119.838445966_44.964470191,Wheeler,0,106,209,478,612,1406,N,N,522,577,532,492,394,377,444,525,626,591,56,269,128,114,200,240,314,434,434,428,310,448,345,533,508,162.5,535,-64.2565303993738,533,7,6,392.062340111688,2.09704689161957,13.5120441926732,2.0907642906265,12.679224938923,7.80454554214638,458.238963699901,7.61716795718837,12.0079800829249,0.43732750415802,-119.838445966_44.964470191,2.5,78.75,18.125,-0.342705778403534,32,175,0,PIPO,PIPO,25,200,2023,5.1647859739235145
81.25,24.375,3.912023005428146,0,3,WH-4-2,580,-119.845723854,44.943278182,109.8,-270.9,-0.976182263209542,0.714473338586814,0.194120890815162,10.5,2,-119.845723854_44.943278182,Wheeler,25,110,138,548,681,1204,Y,N,294,391,437,378,287,288,399,413,468,452,0,114,0,0,23,101,151,219,218,272,0,127,107,202,380.7,57,452,-99.3452627786461,272,NA,9,392.062340111688,2.09704689161957,13.5120441926732,2.0907642906265,12.679224938923,7.80454554214638,417.946544747427,8.59871154202859,13.931317861436,0.296694606542587,-119.845723854_44.943278182,1.25,52.5,37.5,-0.342705629875148,20,50,0.260416666666667,PSME,JUOC,0,50,2023,3.912023005428146
81.25,76.25,6.620073206530356,16.25,3,FL-10-1,223,-119.189834631,44.186306696,144.1,-208.3,0.0149628439109718,0.837116912599319,0.79960699957749,26.7967032967033,1,-119.189834631_44.186306696,Flagtail,45,110,88,552,686,1655,Y,N,292,285,336,336,327,371,416,376,387,398,0,0,0,0,97,124,233,260,251,275,201,295,259,295,352.4,0,398,1.58139008135961,295,11,6,494.501076470563,-1.05351021131872,13.6623360528164,1.18704339878075,13.569474591416,6.30441292074885,525.065314201761,5.67911531267929,13.2931321990489,0.432793736457825,-119.189834631_44.186306696,33.75,75,22.5,-0.342705558772447,16,750,4.55729166666667,PIPO,PIPO,0,750,2023,6.620073206530356
83.75,57.5,4.8283137373023015,0,3,EG-8-3,361,-119.384450062,43.824674242,202.497459411621,-319.477125549316,1.65313765417586,0.862349128831563,0.490853803284826,49.8155006995568,1,-119.384450062_43.824674242,Egley,45,111,144,573,703,1574,Y,N,477.382873535156,587.197387695312,519.155578613281,518.796997070312,499.070983886719,463.05419921875,522.596557617188,521.067993164062,542.450866699219,568.972412109375,-363.211944580078,-520.933959960938,-176.243728637695,288.873291015625,330.645172119141,315.406524658203,349.247863769531,264.520416259766,300.063171386719,423.271514892578,450.124328613281,359.168762207031,395.466003417969,379.350677490234,521.974584960937,-442.072952270508,932.184356689453,349.935267782258,450.124328613281,9,4,427.909050115228,-2.27692636142479,13.4489841130982,0.899681859067756,13.6034158747822,5.58602887583671,424.910977491144,5.67870195614721,13.9159956371069,0.356421232223511,-119.384450062_43.824674242,18.75,38.125,59.375,-0.342705570911123,4,125,0.716145833333333,PIPO,PIPO,0,125,2023,4.8283137373023015
83.75,66.25,4.605170185988092,0,3,CA-B3-3,172,-118.838025014,44.042796589,278.6,-66.8,1.40776530985248,1.68789808917197,0.745804821287394,49.2032967032967,1,-118.838025014_44.042796589,Calamity,45,110,147,548,678,1675,Y,N,312,372,368,360,361,370,337,328,379,267,0,0,0,0,148,231,364,425,500,535,583,566,362,472,345.4,0,267,128.103446672927,583,6,5,519.883072209697,0.23931562542864,11.8450904753037,1.98762845395272,11.9412350056932,6.04220305036617,510.746898987305,5.91322582953397,12.0299334277643,NA,-118.838025014_44.042796589,12.5,71.25,20,-0.342705549536301,14,100,0.260416666666667,PIPO,LAOC-PIPO,0,100,2023,4.605170185988092
85,78.75,0,0,3,CA-B5-3,170,-118.83653726,44.040542583,270.7,-62.7,2.27679590339317,1.51769646070786,0.801342771810173,40.8956043956044,1,-118.83653726_44.040542583,Calamity,45,110,133,567,701,1689,Y,N,322,355,354,334,405,346,277,303,329,309,0,0,0,67,255,301,382,406,371,419,506,427,423,485,333.4,0,309,176.240845268519,506,5,4,519.883072209697,0.23931562542864,11.8450904753037,1.98762845395272,11.9412350056932,6.04220305036617,510.746898987305,5.91322582953397,12.0299334277643,NA,-118.83653726_44.040542583,12.5,61.25,38.75,-0.342705553888178,16,0,2.99479166666667,PIPO,-,0,0,2023,0
88.75,27.5,4.8283137373023015,0,3,WH-1-2,589,-119.873846052,44.952720836,134.7,-308.5,-1.94409683340915,0.582129963898917,0.00112806020484635,-0.653846153846151,2,-119.873846052_44.952720836,Wheeler,15,110,214,526,661,1202,Y,N,326,408,537,441,402,294,517,488,541,478,109,258,120,0,159,91,105,211,132,147,124,175,1,215,443.2,183.5,369,-181.280519002509,258,NA,NA,389.860366761371,2.03703007663148,13.4316104978484,2.10911561658193,12.5987896807656,7.73432028723993,429.33531014215,8.18787128532753,13.0433307192269,0.345283836126328,-119.873846052_44.952720836,8.75,62.5,36.875,-0.34270578482164,15,50,17.7734375,PIPO,JUOC,75,125,2023,3.912023005428146
91.25,0,3.2188758248682006,0,3,WH-1-X,590,-119.877714187,44.954237604,31.2,-256.7,-2.01472207810994,0.534907954150747,3.92720162064724e-6,0.0274725274725315,2,-119.877714187_44.954237604,Wheeler,0,104,229,492,627,1202,N,N,232,306,397,261,216,167,379,310,310,301,52,129,28,0,0,10,39,97,0,9,0,9,0,154,287.9,90.5,249,-140.998269371922,154,NA,NA,389.860366761371,2.03703007663148,13.4316104978484,2.10911561658193,12.5987896807656,7.73432028723993,426.603792408204,8.16538931656824,13.1339593455476,0.345283836126328,-119.877714187_44.954237604,7.5,27.5,72.5,-0.342705713089383,30,0,0,PIPO,-,25,25,2023,0
