grass.pct,shrub.pct,log.regen.density,seedling.pct,field.cluster,Plot,Long,Lat,postdisturbance_ndvi,delta_ndvi,relative_regrowth,pct_recovery,postfire_fitted_rsq,postfire_fitted_slope,cluster,x_y.x,fire,canopy_cover,veg_height,hli,cwd_present,cwd_future,elevation,TE_future,TE_present,0,1,2,3,4,5,6,7,8,9,10,11,12,13,14,15,16,17,18,19,20,21,22,23,predisturbance_ndvi,disturbance_ndvi,dndvi,absolute_regrowth,max.postfire.ndvi,time_to_0.8recovery,time_to_0.6recovery,postfire_ppt,postfire_tmin,postfire_tmax,postfire_vpdmin,postfire_vpdmax,postfire_tmean,precip,tmean,vpdmax,re-0gen_prob,x_y.y,herb.pct,green.pct,npv.pct,aspect,slope,seedling.density,densiometer,dom.tree.spp,dom.seedling.spp,young.tree.density,regen.density,year,log.seedling.density
0,10,10.276773762280058,45,2,HRN5,-120.437994739,44.483361403,436.2,-172.5,-0.999314123077579,1.10892065056678,0.804059704459803,22.4505494505495,2,-120.437994739_44.483361403,HR,35,110,149,450,575,1497,N,N,580,436,578,575,699,618,583,646,707,665,299,393,396,443,363,442,424,431,484,479,507,600,636,675,608.7,346,366,-64.6917417738408,675,10,1,646.25371307543,0.683930226895157,11.71096852645,1.79191116812632,10.9301647134362,6.19744937667258,661.0745714177953,6.490910947203072,11.078949177158519,0.576199471950531,-120.437994739_44.483361403,2.5,51.25,32.5,-0.270395429882906,14.01223755,29000,14.0625,LAOC-PIPO,LAOC,50,29050,2022,10.275051108968611
0,15,0,70,2,M24,-117.5654794,46.25563003,630.9,-55.1,1.7652710060922,1.18221574344023,0.879229464051728,29.5549450549451,2,-117.5654794_46.25563003,School,65,111,205,265,380,1519,N,N,656,662,713,686,692,685,679,710,682,695,305,484,451,536,594,607,620,748,758,758,753,762,811,777,686,394.5,390,114.139681958834,811,4,1,975.165864190642,2.21037339972291,10.845363141871,2.71643434811256,9.90550656791395,6.52786827079696,971.7964485795052,6.606913788794129,8.63216361213367,0.6433929204940796,-117.5654794_46.25563003,3,68.75,26.25,0.430615162071696,4.18580389,0,47.6563,PSME,PIPO,0,0,2022,0
0,31.25,8.864322722511439,38.75,2,EA-5-2,-118.502206246,44.492083176,377.4,-126.5,1.08124002762574,1.2085731295892,0.945826519824485,28.6978021978022,2,-118.502206246_44.492083176,Easy,45,110,150,388,513,1861,N,N,527,542,514,503,516,572,505,559,589,212,188,265,312,344,317,344,380,400,434,471,507,585,609,581,503.9,226.5,24,72.5252168046239,609,8,2,792.118177596413,0.237749217068889,12.010753852021,1.98166507547218,11.779410685417,6.12425153454497,824.5810991048801,5.424843051258515,10.108287084970312,0.5956735610961914,-118.502206246_44.492083176,40.625,63.75,25.625,-0.490968763248498,8,7000,54.296875,?,PICO,75,7075,2023,8.85366542803745
0,55,3.2188758248682006,50,2,M27,-117.6024083,46.2467702,668.4,-91.9,2.32204236197074,1.04827041957122,0.772638503132197,16.4230769230769,2,-117.6024083_46.2467702,School,55,111,107,319,441,1465,N,N,755,767,747,837,776,755,755,679,776,756,279,541,641,675,678,654,598,722,715,726,734,766,773,797,760.3,410,477,104.352005690734,797,2,1,997.940814568214,2.51040982241677,11.676513686971,2.61485291875298,10.5523832754278,7.09346175469386,995.5160139570095,6.741042529059454,8.865473937563898,NA,-117.6024083_46.2467702,21.25,67.5,42.5,-0.470234794207639,17.96887779,0,1.5625,?,ABGR,25,25,2022,0
10,77.5,3.912023005428146,0,1,HRS4,-120.541076783,44.477715969,505.5,-59.7,1.78263255634494,1.08634111818825,0.618060803184616,19.0934065934066,2,-120.541076783_44.477715969,HR,15,110,230,481,604,1481,N,N,515,502,577,555,565,587,603,589,578,581,276,318,387,440,582,569,444,543,565,614,593,575,594,594,565.2,297,305,117.938562374715,614,4,2,642.977653128769,0.558571587884094,11.7764872731966,1.74748501817094,11.01861144823,6.16752943054033,559.5237279492683,7.2506372269879655,12.01809924577692,0.5514547228813171,-120.541076783_44.477715969,5,52.5,35,0.381394231221386,15.93197632,50,1.041666667,PIPO,PIPO,0,50,2022,3.912023005428146
11.25,27.5,5.991464547107982,20,2,H2,-117.5405843,46.27721889,465.3,-304,-0.477743746001215,0.880020798128168,0.707435060165084,22.7362637362637,1,-117.5405843_46.27721889,School,55,111,126,278,394,1429,N,N,710,773,771,778,767,724,794,777,825,774,248,315,451,522,449,442,351,498,529,547,549,589,653,677,769.3,281.5,526,-50.9283825483991,677,12,3,749.386384950805,3.45736659071865,11.7993239684283,3.01442378997224,10.4726554687499,7.62834527957346,818.4300307238661,7.493780180714552,9.521747402376914,0.650364100933075,-117.5405843_46.27721889,25,27.5,30,-0.249450259522307,9.550437927,400,0,ABGR,PIPO,0,400,2022,5.991464547107982
11.25,31.25,0,0,1,EG-B9-1,-119.374286218,43.829604722,284.8,-182.5,0.267984693994729,0.847421356730152,0.855991242230621,19.3461538461538,1,-119.374286218_43.829604722,Egley,35,110,204,561,689,1505,Y,N,420,498,465,472,444,472,461,452,506,483,95,117,216,270,249,270,298,352,352,348,376,368,396,390,467.3,106,388,21.2173037588017,396,10,6,427.909050115228,-2.27692636142479,13.4489841130982,0.899681859067756,13.6034158747822,5.58602887583671,441.27010629638596,5.678190169047849,13.909137050896021,0.3650340139865875,-119.374286218_43.829604722,5,23.75,18.75,-0.487546422630097,4,0,0,PIPO,-,0,0,2023,0
11.25,32.5,7.047517221357296,5,1,EG-3-X,-119.294647911,43.855647194,338.7,-201.1,-1.62412887827317,0.787328640237125,0.623433238713187,11.8571428571429,1,-119.294647911_43.855647194,Egley,45,110,179,575,705,1547,Y,N,539,573,559,528,512,505,509,519,574,580,557,212,283,320,413,354,343,362,354,377,369,400,410,425,539.8,384.5,23,-96.4999139429422,425,NA,4,428.229721416503,-2.03778745468622,13.4720648866282,0.992961032941856,13.6255065843886,5.71713871597101,427.9257221449435,5.754306112612286,14.067407748827055,0.3582339882850647,-119.294647911_43.855647194,23.75,41.25,50,-0.419856940637078,2,1150,0,PIPO,PIPO,0,1150,2023,7.047517221357296
11.25,40,7.853604813097837,23.125,2,EA-B3-2,-118.514740603,44.485867621,391,-160.2,0.376587765214966,0.937953555878084,0.726523139811337,12.9120879120879,1,-118.514740603_44.485867621,Easy,45,110,165,385,506,1871,N,N,425,574,577,545,580,575,552,608,597,479,191,311,403,377,347,409,424,400,415,393,431,514,474,517,551.2,251,288,24.3575661436972,517,11,2,792.118177596413,0.237749217068889,12.010753852021,1.98166507547218,11.779410685417,6.12425153454497,847.3900751246562,5.068676384474605,10.057830337058958,0.6506102085113525,-118.514740603_44.485867621,35.625,63.75,25.625,-0.448046042312335,4,2250,37.109375,?,PICO,325,2575,2023,7.718685495198466
12.5,31.25,3.912023005428146,0,1,HRN2,-120.542380917,44.470704422,467,-78.6,0.93098471770934,1.1217008797654,0.823942702107837,26.6373626373626,2,-120.542380917_44.470704422,HR,15,110,119,535,661,1430,Y,N,479,406,511,543,561,546,578,600,631,601,222,284,318,335,481,495,453,548,561,583,612,567,585,602,545.6,253,379,77.7155540229336,612,4,3,488.562194384424,0.940657803057502,13.5563629013949,1.69306944167194,12.8535494603458,7.24851035222618,512.8127209622204,7.479116899243243,12.791346794688904,0.6454230546951294,-120.542380917_44.470704422,2.5,30,43.75,-0.386373772230323,19.98384094,50,0.911458333,PSME,PIPO,0,50,2022,3.912023005428146
12.5,77.5,4.605170185988092,0,1,EG-12-1,-119.373051135,43.686044582,471.2,-79.4,1.3896062668524,1.26407555394116,0.628862641844024,26.2967032967033,2,-119.373051135_43.686044582,Egley,45,110,182,518,642,1763,Y,N,513,556,553,488,544,504,499,606,644,599,135,219,468,530,537,421,468,407,463,569,630,601,682,696,550.6,177,464,90.233489519532,696,2,2,427.054120332081,-1.32971308869909,12.6353075301156,1.36876694048808,12.8513902789063,5.65279722070825,422.3532850623932,5.980381075257461,12.73107033020401,0.4163379669189453,-119.373051135_43.686044582,21.25,73.75,18.75,0.163234250828658,8,100,0.260416666666667,JUOC-PIPO,PIPO,0,100,2023,4.605170185988092
12.5,88.75,5.616771097666572,1.25,1,EG-1-1,-119.383671504,43.787999621,485.4,-136.9,1.57169419080879,1.16181905833199,0.786784717442003,35.8241758241758,2,-119.383671504_43.787999621,Egley,45,111,128,606,737,1544,Y,N,596,635,637,608,623,616,577,619,650,662,83,138,358,493,407,489,566,518,597,645,643,674,605,723,622.3,110.5,579,148.666396692873,723,6,3,373.216426629847,-1.98141212372787,13.9905498706827,1.01814493795904,14.3408316384709,6.00456887347739,373.2353769596011,6.062422028920757,14.500640524552507,NA,-119.383671504_43.787999621,5,70,28.125,-0.319303742333922,4,275,8.52864583333333,PIPO,PIPO,0,275,2023,5.616771097666572
13.125,3.75,6.354370040797351,8.75,3,FL-5-2,-119.204682614,44.17341242,250.6,-164.9,-0.636082067123231,0.72202166064982,0.120132719049107,2.90659340659341,1,-119.204682614_44.17341242,Flagtail,45,109,177,541,676,1537,Y,N,367,426,386,438,402,398,437,433,423,445,152,186,280,264,237,234,288,230,222,283,282,247,300,241,415.5,169,293,-34.1243642050625,300,NA,2,522.293330147289,-1.46649289485508,13.5245205397356,1.11040995943025,13.4709179026694,6.02901382244027,532.9309489350335,5.633238688104688,13.368432214560967,0.4459708034992218,-119.204682614_44.17341242,20.625,43.75,15,-0.362845657630846,2,400,5.53385416666667,PIPO,PIPO,175,575,2023,5.991464547107982
13.75,37.5,7.600902459542082,36.25,2,M28,-117.5135114,46.28296352,600.7,-136.9,1.27451769043769,1.03036876355748,0.889421491382911,26.6758241758242,2,-117.5135114_46.28296352,School,55,111,107,322,455,1318,N,N,680,709,769,742,715,791,762,696,742,770,258,397,496,555,594,557,643,688,666,682,729,760,733,759,737.6,327.5,512,103.227555675972,760,4,2,641.697801852053,3.47860412942678,11.9248539717914,3.0217397146424,10.5705681880724,7.70172905060909,700.9120972173637,7.840829282311354,10.366388072920651,0.6607937812805176,-117.5135114_46.28296352,16.25,50,37.5,0.0953884803560752,37.43136978,2000,1.82292,PSME,ABGR,0,2000,2022,7.600902459542082
13.75,40,7.718685495198466,18.75,2,EG-1-2,-119.401692156,43.842209204,322.1,-195.5,-3.50830834426915,0.946676970633694,0.559334702290302,15.4010989010989,1,-119.401692156_43.842209204,Egley,45,110,145,561,691,1526,Y,N,480,520,526,513,509,487,505,522,550,564,531,214,414,293,286,310,325,312,300,349,418,395,472,490,517.6,372.5,33,-158.427087199375,490,10,2,411.04813803178,-2.1427345917783,13.8720734357052,0.917131432761655,14.134119525128,5.86466942196344,426.3626126798485,5.72502197079874,14.069282133698785,0.39995110034942627,-119.401692156_43.842209204,25,56.875,26.875,0.121201240619606,8,2250,0,PIPO,PIPO,0,2250,2023,7.718685495198466
13.75,63.75,4.31748811353631,0.625,1,EG-7-3,-119.389555461,43.819497068,484,-95.5,0.883910926375361,1.05608283002588,0.476636681984813,20.4835164835165,2,-119.389555461_43.819497068,Egley,45,110,170,573,703,1524,Y,N,571,568,581,585,559,566,577,574,607,607,581,184,360,463,583,535,556,478,504,565,612,568,555,557,579.5,382.5,26,57.0089310001661,612,4,2,427.909050115228,-2.27692636142479,13.4489841130982,0.899681859067756,13.6034158747822,5.58602887583671,395.6390762165981,5.890277607131454,14.257227407874478,NA,-119.389555461_43.819497068,13.75,23.75,58.75,0.266244921261244,10,75,1.69270833333333,PIPO,PIPO,0,75,2023,4.31748811353631
13.75,86.25,6.354370040797351,10.625,1,EA-2-3,-118.517857253,44.474844237,646.1,-46.3,2.07001838491232,1.10485268630849,0.680253109167166,20.1648351648352,2,-118.517857253_44.474844237,Easy,65,111,191,429,556,1571,N,N,646,666,722,662,697,726,681,695,737,692,371,482,548,538,609,638,735,727,765,690,729,765,752,690,692.4,426.5,321,116.087547429455,765,4,1,786.594682803596,0.400301735313966,11.9530340843499,2.02178053532545,11.6062251948942,6.17666790983195,784.6862516932413,5.880771890935168,10.943324042307982,0.4703642725944519,-118.517857253_44.474844237,3.125,67.5,31.25,-0.0261512660131219,16,550,10.4166666666667,?,PIPO,25,575,2023,6.309918278226516
16.25,30,8.070906088787819,8.75,2,M29,-117.5078939,46.28385453,587.2,-103.7,-0.416937717886807,0.93935446519033206,0.486000679180768,5.92307692307692,2,-117.5078939_46.28385453,School,55,111,146,322,455,1318,N,N,717,687,696,741,631,569,744,642,748,734,442,544,619,568,572,570,580,637,573,594,615,612,649,641,690.9,493,292,-15.5289600633746,649,2,1,641.697801852053,3.47860412942678,11.9248539717914,3.0217397146424,10.5705681880724,7.70172905060909,688.2908692060896,7.944138646189234,10.102815460926488,NA,-117.5078939_46.28385453,67.5,60,30,0.015050748194914,32.58668137,3200,2.08333,PSME,PSME,0,3200,2022,8.070906088787819
17.5,83.75,5.616771097666572,5,1,EA-4-3,-118.494419441,44.490646943,574.5,6.89999999999998,3.93007946019423,1.2262156448203,0.455861109594975,20.4340659340659,2,-118.494419441_44.490646943,Easy,55,110,207,388,513,1861,N,N,579,563,556,565,574,563,589,543,594,550,174,324,406,529,474,627,696,678,684,649,678,658,607,583,567.6,249,376,226.23326904959401,696,3,2,792.118177596413,0.237749217068889,12.010753852021,1.98166507547218,11.779410685417,6.12425153454497,816.6428929508334,5.739545920540648,10.882708825121643,0.6043672561645508,-118.494419441_44.490646943,6.875,55.625,42.5,0.0783135634358181,12,250,6.38020833333333,PIPO,PICO,25,275,2023,5.521460917862246
17.5,85,6.980075940561763,2.5,1,WH-2-3,-119.879273959,44.959343908,580.5,32.1,2.15608791115291,1.41867250182349,0.762704079445944,29.7912087912088,2,-119.879273959_44.959343908,Wheeler,25,110,140,492,627,1355,N,N,588,601,533,473,448,442,502,616,664,617,253,418,394,429,550,583,608,710,712,747,654,756,636,778,548.4,335.5,364,127.330549585256,778,4,1,389.860366761371,2.03703007663148,13.4316104978484,2.10911561658193,12.5987896807656,7.73432028723993,441.3641261350258,7.867580978592148,12.229971952379634,0.3768133819103241,-119.879273959_44.959343908,15,92.5,7.5,-0.482086933873889,21,350,29.8828125,PIPO,LAOC,725,1075,2023,5.857933154483459
18.125,55,7.069023426578259,3.75,1,WH-1-1,-119.854064861,44.939279198,426,-147.1,-1.04324601530475,0.991101029488745,0.69006997472874,14.2857142857143,1,-119.854064861_44.939279198,Wheeler,25,110,179,551,685,1073,Y,N,533,593,573,549,537,475,610,608,604,649,363,394,376,328,394,403,422,520,458,493,472,507,454,568,573.1,378.5,286,-64.656943121856,568,7,1,389.860366761371,2.03703007663148,13.4316104978484,2.10911561658193,12.5987896807656,7.73432028723993,408.50521126708554,8.86759050354871,14.588493799345434,0.28026053309440613,-119.854064861_44.939279198,10,85,11.875,0.258725872649302,19,600,57.03125,PIPO,PIPO,575,1175,2023,6.396929655216146
18.75,66.25,5.1647859739235145,0,1,EG-2-3,-119.299793337,43.858278216,393.4,-15.1,2.09845734778543,1.19461444308446,0.413133116588577,15.1978021978022,2,-119.299793337_43.858278216,Egley,25,110,193,575,705,1548,Y,N,373,413,405,400,400,396,411,416,420,451,432,177,298,298,482,488,441,409,443,438,460,402,430,486,408.5,304.5,19,83.8161266631189,488,4,2,428.229721416503,-2.03778745468622,13.4720648866282,0.992961032941856,13.6255065843886,5.71713871597101,434.8103536428798,5.831471132851028,14.168094507855914,0.3416445255279541,-119.299793337_43.858278216,37.5,28.75,52.5,0.316557764902056,2,175,4.296875,JUOC,JUOC,0,175,2023,5.1647859739235145
19.375,93.75,6.980075940561763,17.5,1,EA-3-3,-118.514554513,44.49955717,575.7,-39.5,2.27123199733184,1.26788036410923,0.830212269684632,35.6538461538462,2,-118.514554513_44.49955717,Easy,55,110,230,409,533,1778,N,N,610,573,576,618,626,628,648,634,643,596,209,335,352,455,510,606,656,678,725,725,715,780,741,722,615.2,272,387,185.668501320614,780,4,3,792.118177596413,0.237749217068889,12.010753852021,1.98166507547218,11.779410685417,6.12425153454497,828.1203524602488,5.684976923864205,10.444144503470373,0.5380191802978516,-118.514554513_44.49955717,3.125,57.5,40,0.437310587363083,16,1000,17.96875,?,PICO,75,1075,2023,6.907755278982137
2.5,47.5,7.707512194600341,7.5,1,H18,-117.6030707,46.24760116,614.5,-177.4,1.08225366266981,0.89657785073873,0.464932259869664,10.2197802197802,2,-117.6030707_46.24760116,School,65,111,139,319,441,1465,N,N,784,778,762,872,760,813,788,776,818,768,205,511,629,639,657,582,551,652,672,619,633,710,688,704,791.9,358,563,76.1073782829283,710,3,1,997.940814568214,2.51040982241677,11.676513686971,2.61485291875298,10.5523832754278,7.09346175469386,995.5160139570095,6.741042529059454,8.865473937563898,NA,-117.6030707_46.24760116,28.75,48.75,46.25,-0.474382994083943,16.11786842,2200,0.52083,?-ABGR,ABGR,25,2225,2022,7.696212639346407
2.5,56.25,3.912023005428146,0,1,WH-2-1,-119.899516376,44.954966429,468,-79.3,0.170172913306298,1.06888361045131,0.785299932920898,15.489010989011,2,-119.899516376_44.954966429,Wheeler,25,110,239,481,614,1425,N,N,564,549,551,521,491,464,498,584,635,616,276,413,372,375,506,448,452,508,523,543,540,521,540,585,547.3,344.5,340,9.19244693082197,585,4,1,399.61538947114,1.77567602276931,12.8481534077579,2.06324257257354,11.984548778031,7.3119147152636,429.0582432280949,7.749423750743731,12.247616261027378,0.23919735848903656,-119.899516376_44.954966429,12.5,51.25,18.75,0.502570709718971,31,50,0.9765625,PIPO,PIPO,0,50,2023,3.912023005428146
20,55,0,0,1,HRS8,-120.457295014,44.467842973,518,-79.6,1.83805161019455,1.09939759036145,0.760613791221245,22.2802197802198,2,-120.457295014_44.467842973,HR,0,108,220,473,599,1405,N,N,576,500,597,592,617,658,641,597,603,595,210,316,413,454,488,541,565,589,544,627,643,657,612,588,597.6,263,385,129.743679248854,657,4,2,513.462226724857,0.953850009566081,13.3078464134085,1.68140980634345,12.489668064928,7.13084821148731,557.7580663324337,6.996802552781848,11.927861489456877,0.6122485995292664,-120.457295014_44.467842973,10,48.75,22.5,0.388339036893499,13.35373592,0,0.78125,N/A,N/A,0,0,2022,0
21.25,40,6.214608098422191,1.25,1,BCN6,-118.975480973,45.049574189,522.8,-96.3000000000001,0.635471804552431,1.0369891778388,0.159156131614043,6.64285714285713,2,-118.975480973_45.049574189,BC,45,111,105,575,713,1006,Y,N,445,595,578,598,632,606,750,669,643,675,354,448,550,553,588,511,515,534,600,495,434,634,642,587,619.1,401,321,35.1051281014087,642,2,1,461.994244944837,1.36385881928926,15.1226103308388,1.48723857510119,14.4212372460179,8.24323457506403,430.0932725085206,8.562386672686518,14.94217504425497,0.4844927489757538,-118.975480973_45.049574189,15,51.25,32.5,-0.111071123496748,25.30930328,500,1.5625,PSME,PIPO,0,500,2022,6.214608098422191
21.25,41.25,3.912023005428146,0,1,BCN10,-118.963112553,45.054521163,522.3,-64,0.608793108935423,1.0967081698789,0.563996889702121,13.1758241758242,2,-118.963112553_45.054521163,BC,55,110,56,569,707,920,Y,N,528,425,613,622,653,586,620,548,618,650,279,430,534,569,466,490,495,475,604,562,598,630,643,590,586.3,354.5,371,19.1009030327759,643,2,1,450.493418887503,1.17088333090003,15.2964895453453,1.4091898477721,14.6280954951113,8.23368643812269,445.59732121934906,8.378722454638424,14.6123056440589,0.5033750534057617,-118.963112553_45.054521163,15,50,42.5,-0.340778402375566,31.16896057,50,0.390625,PSME,PIPO,0,50,2022,3.912023005428146
21.25,67.5,6.214608098422191,1.25,1,EG-B1-1,-119.381338595,43.824272657,448,-124.6,1.97402083723572,0.997205728257073,0.507190780139777,20.5054945054945,2,-119.381338595_43.824272657,Egley,45,111,171,576,707,1574,Y,N,527,583,575,565,577,549,593,559,582,616,118,155,337,470,503,527,510,472,430,542,534,512,542,571,572.6,136.5,498,170.043816486287,571,3,3,427.909050115228,-2.27692636142479,13.4489841130982,0.899681859067756,13.6034158747822,5.58602887583671,424.9109774911441,5.678701956147206,13.915995637106903,0.36614546179771423,-119.381338595_43.824272657,8.75,40.625,47.5,-0.350943135855458,3,500,0.260416666666667,PIPO,PIPO,0,500,2023,6.214608098422191
22.5,11.25,7.047517221357296,17.5,2,CA-3-2,-118.824737391,44.038454561,342.9,-283,-0.141828443358979,0.659849816264579,0.448855070867551,8.87362637362637,1,-118.824737391_44.038454561,Calamity,55,111,174,558,690,1726,Y,N,606,623,646,625,671,613,599,640,675,561,209,214,292,364,370,330,347,398,349,352,413,395,362,375,625.9,211.5,352,-13.4828173601035,413,NA,7,519.883072209697,0.23931562542864,11.8450904753037,1.98762845395272,11.9412350056932,6.04220305036617,533.7155729907339,5.86857558114661,11.68207361727234,NA,-118.824731437_44.038452097,40,62.5,18.75,-0.0348522459677512,14,1150,9.04947916666667,PICO,PIPO,0,1150,2023,7.047517221357296
22.5,78.75,5.0106352940962555,0,1,CA-2-3,-118.797845319,43.999130173,531.8,-88.7,1.99550343256025,1.17969379532635,0.772387064296841,35.6648351648352,2,-118.797845319_43.999130173,Calamity,45,111,204,608,743,1602,Y,N,611,618,639,603,605,587,631,613,649,649,209,249,252,498,554,612,601,573,655,655,669,680,728,732,620.5,229,440,190.677206408633,732,3,3,459.838061750059,0.18735260671565,12.6698562188761,1.78537502813684,12.7290703607246,6.42860441279588,457.1527803674352,6.211325563301824,12.871692188418535,0.22684460878372192,-118.797845319_43.999130173,21.25,55,40,0.503860586514163,8,150,3.515625,PIPO,JUOC-PIPO,0,150,2023,5.0106352940962555
22.5,80,5.0106352940962555,0,1,WH-1-3,-119.890142491,44.960611047,570.9,13.8,2.1668057456191,1.21701669359181,0.402846285971824,12.6263736263736,2,-119.890142491_44.960611047,Wheeler,15,110,238,469,602,1440,N,N,532,612,601,490,461,480,561,571,604,659,302,493,483,443,609,568,567,631,663,678,574,654,524,666,557.1,397.5,357,82.8944071150877,678,1,1,389.860366761371,2.03703007663148,13.4316104978484,2.10911561658193,12.5987896807656,7.73432028723993,438.800683428524,7.4926413339672955,11.797671832496887,0.36507558822631836,-119.890142491_44.960611047,6.25,70,18.75,0.472318798647276,29,150,0,PSME,PIPO,0,150,2023,5.0106352940962555
23.125,91.25,8.294049640102028,43.75,2,EA-5-3,-118.479230509,44.502956513,643,-34.2,2.21268464399953,1.21086828115771,0.70073531264867,34.6703296703297,2,-118.479230509_44.502956513,Easy,55,110,161,487,615,1544,N,N,598,618,644,609,672,672,722,721,795,721,218,326,382,533,643,718,771,737,763,737,820,766,809,773,677.2,272,503,234.852872476127,820,4,3,792.118177596413,0.237749217068889,12.010753852021,1.98166507547218,11.779410685417,6.12425153454497,725.7681190579829,6.154138857494479,12.067091717901526,0.5361350774765015,-118.479230509_44.502956513,14.375,72.5,27.5,0.343291319479683,13,4000,52.2135416666667,?,PICO,0,4000,2023,8.294049640102028
23.75,66.25,4.605170185988092,1.25,1,EG-9-3,-119.393399631,43.707399428,435,-76.7,-0.391211047294733,1.19405901895642,0.688441959054375,26.1978021978022,2,-119.393399631_43.707399428,Egley,35,110,191,511,638,1749,N,N,487,511,539,478,457,521,482,546,554,542,519,189,357,364,359,383,528,450,567,542,611,547,596,477,511.7,354,23,-21.5175003412876,611,6,2,408.44415974653,-1.73938715319926,13.0201133340064,1.1694123954596,13.2272512915686,5.64036309040357,454.243580202684,5.838210847942528,12.493420980163114,0.3851505517959595,-119.393399631_43.707399428,8.75,42.5,32.5,0.495911520016709,2,100,0,PIPO?,PIPO,0,100,2023,4.605170185988092
26.25,13.125,6.802394763324311,0,3,EG-11-2,-119.595008647,43.838174945,263.8,-233.7,-2.83854856022957,0.673366834170854,0.218117096904386,4.07142857142857,1,-119.595008647_43.838174945,Egley,35,110,183,563,692,1643,Y,N,483,493,506,498,480,507,466,467,546,529,507,186,298,251,288,287,267,253,269,255,284,269,335,279,497.5,346.5,22,-150.111410385116,335,NA,12,461.488737339366,-2.76532815161326,13.491389198685,0.691760113888479,13.5588217939426,5.36303052353585,455.4376418602303,5.378786082884369,13.77231926547875,NA,-119.595008647_43.838174945,15,40,20.625,0.316557764902056,1,900,2.86458333333333,JUOC,PIPO,0,900,2023,6.802394763324311
26.25,31.25,5.616771097666572,0,3,EG-5-2,-119.433721128,43.826353169,294.3,-314.3,-0.630429135669882,0.683535984226093,0.426346496906253,8.82417582417584,1,-119.433721128_43.826353169,Egley,55,111,166,615,747,1476,Y,N,582,660,585,635,635,578,595,585,622,609,118,192,347,307,266,322,266,314,281,320,328,337,336,416,608.6,155,491,-55.486138819918,416,NA,13,416.01807571925,-2.24804392764381,13.716344013608,0.864908066931516,13.8824351844233,5.73415004298211,374.9245749581254,6.162679252941605,14.537279324725304,0.3945466876029968,-119.433721128_43.826353169,21.25,45,25,-0.0866788793271545,8,275,1.10677083333333,PIPO,PIPO,0,275,2023,5.616771097666572
27.5,67.5,6.163314804034641,12.5,1,WH-5-3,-119.809468774,44.950182844,523.5,-66.6,1.75969840948191,1.06592103033384,0.40093289549899,11.5934065934066,2,-119.809468774_44.950182844,Wheeler,0,101,206,503,635,1161,N,N,600,590,622,562,572,513,617,574,608,643,270,434,415,488,500,555,566,624,565,606,482,605,500,629,590.1,352,373,89.4703531602723,629,3,1,392.062340111688,2.09704689161957,13.5120441926732,2.0907642906265,12.679224938923,7.80454554214638,437.6913439710714,8.314031796612698,12.968059616861254,NA,-119.809468774_44.950182844,3.75,53.75,32.5,0.507508627125461,14,325,3.77604166666667,PIPO,PIPO-PIPO,150,475,2023,5.783825182329737
28.75,40.625,6.1092475827643655,12.5,1,CA-2-2,-118.830563235,44.039559347,364.9,-274.4,-0.313800260332903,0.769591740966682,0.881687515787301,18.9505494505495,1,-118.830563235_44.039559347,Calamity,45,110,121,558,690,1726,Y,N,632,622,673,644,679,670,612,607,665,589,227,222,328,354,340,366,357,369,408,415,490,461,492,489,639.3,224.5,362,-27.7525321322266,492,NA,8,519.883072209697,0.23931562542864,11.8450904753037,1.98762845395272,11.9412350056932,6.04220305036617,519.3692246503299,5.97829553548509,12.182702938762503,NA,-118.830563235_44.039559347,32.5,67.5,14.375,-0.385278639304873,16,450,8.07291666666667,PIPO,PIPO,0,450,2023,6.1092475827643655
28.75,55,5.926926025970411,11.25,1,WH-3-1,-119.82171311,44.955969166,414.3,-229.4,-0.371000682615714,0.887059189063228,0.758760553622723,20.4175824175824,1,-119.82171311_44.955969166,Wheeler,15,110,183,470,600,1240,N,N,636,696,691,637,556,516,658,678,689,680,225,360,270,301,383,405,411,489,504,520,500,520,450,571,643.7,292.5,455,-36.9894127824208,571,9,5,392.062340111688,2.09704689161957,13.5120441926732,2.0907642906265,12.679224938923,7.80454554214638,445.17069278877864,8.001254767260587,12.517619220296258,0.26805275678634644,-119.82171311_44.955969166,3.125,62.5,28.75,-0.0952289100614807,22,275,15.1692708333333,PIPO,PIPO,100,375,2023,5.616771097666572
28.75,70,3.912023005428146,3.75,1,CA-4-1,-118.806875456,43.993536097,489.8,-150.3,0.937034067837746,1.03890017184815,0.850746536726893,28.8736263736264,2,-118.806875456_43.993536097,Calamity,45,110,145,608,743,1586,Y,N,643,653,655,613,651,614,630,637,636,669,254,271,321,473,502,442,526,571,559,596,637,588,658,665,640.1,262.5,415,79.4139966871573,665,6,3,459.838061750059,0.18735260671565,12.6698562188761,1.78537502813684,12.7290703607246,6.42860441279588,435.7259617907519,6.117713781642215,13.767597323119706,0.2576057016849518,-118.806875456_43.993536097,32.5,72.5,16.25,-0.400849297062757,15,50,2.47395833333333,PIPO,PIPO,0,50,2023,3.912023005428146
28.75,75,0,0,1,EG-B8-1,-119.38005754,43.703868491,347,-239.8,-2.10776641709433,0.916837082481254,0.907147999700796,23.7142857142857,1,-119.38005754_43.703868491,Egley,45,111,185,509,634,1692,N,N,596,592,628,580,554,571,548,577,620,602,599,174,318,309,306,344,345,354,427,429,464,468,472,538,586.8,386.5,3,-146.951422576694,538,12,7,427.054120332081,-1.32971308869909,12.6353075301156,1.36876694048808,12.8513902789063,5.65279722070825,449.06796128898094,5.949442501921514,12.722747515516504,0.36450207233428955,-119.38005754_43.703868491,7.5,72.5,15,-0.241273155662401,4,0,0.716145833333333,PIPO,-,0,0,2023,0
3.125,20,9.878169744551839,67.5,2,EA-1-1,-118.512452886,44.491765645,422.1,-181.3,0.189347400346148,1.1518064302287,0.959150681000842,38.9065934065934,2,-118.512452886_44.491765645,Easy,45,110,191,410,535,1871,N,N,590,583,585,590,617,608,642,628,654,537,217,277,292,343,324,400,440,462,576,515,592,690,695,695,603.4,247,320,17.5756736735348,695,8,5,792.118177596413,0.237749217068889,12.010753852021,1.98166507547218,11.779410685417,6.12425153454497,851.5434316800208,5.210260537548999,10.067503333837859,0.643031895160675,-118.512452886_44.491765645,32.5,90,7.5,0.330119795886369,13,19500,64.84375,PICO,PICO,0,19500,2023,9.878169744551839
3.75,43.75,6.907755278982137,22.5,2,M26,-117.6325552,46.24204831,639.7,-110,1.25645882932114,0.948379351740696,0.12068932925018,4.34615384615383,2,-117.6325552_46.24204831,School,55,111,101,277,396,1486,N,N,731,702,731,777,734,820,755,739,761,747,335,589,675,687,665,646,531,689,647,629,639,682,690,711,749.7,462,412,53.5447314885801,711,2,1,997.940814568214,2.51040982241677,11.676513686971,2.61485291875298,10.5523832754278,7.09346175469386,990.2238782333666,6.840903874699335,8.889179972438189,NA,-117.6325552_46.24204831,30,48.75,27.5,-0.472346866539707,32.60638428,1000,1.43229,ABGR,ABGR,0,1000,2022,6.907755278982137
3.75,63.75,8.517193191416238,0,1,M4,-117.5618789,46.25715141,693.5,-57.1,2.50818651486969,1.01518784972022,0.410355902183728,10.1758241758242,2,-117.5618789_46.25715141,School,55,110,229,272,393,1499,N,N,710,695,802,733,764,739,754,729,799,781,362,528,639,713,711,731,668,762,722,749,712,740,740,719,750.6,445,419,127.656831880901,762,2,1,975.165864190642,2.21037339972291,10.845363141871,2.71643434811256,9.90550656791395,6.52786827079696,971.7964485795052,6.606913788794129,8.63216361213367,0.6433929204940796,-117.5618789_46.25715141,22.5,52.5,47.5,0.137236625375851,18.56039238,4800,31.25,PIPO,ABGR,200,5000,2022,8.476371196895983
30,68.75,5.783825182329737,0,1,WH-6-3,-119.891720658,44.956480763,534.6,-31.6,1.75266166492851,1.19215824796892,0.80667106526956,23.1758241758242,2,-119.891720658_44.956480763,Wheeler,25,110,216,491,624,1440,N,N,617,614,547,489,502,491,555,582,597,668,210,397,391,417,547,508,580,612,650,615,629,587,659,675,566.2,303.5,458,104.322911137844,675,4,1,389.860366761371,2.03703007663148,13.4316104978484,2.10911561658193,12.5987896807656,7.73432028723993,429.8206254118595,7.800397553782448,12.39720126705842,0.2776668071746826,-119.891720658_44.956480763,10.625,72.5,25.625,0.423245741621281,19,250,2.99479166666667,PIPO,JUOC-PIPO,75,325,2023,5.521460917862246
30,86.25,0,0,1,WH-3-2,-119.836275983,44.95296922,598,-54,1.01869686969246,1.08895705521472,0.606605519112254,14.7307692307693,2,-119.836275983_44.95296922,Wheeler,25,110,215,490,624,1207,N,N,648,674,687,626,616,556,672,680,661,700,282,568,511,488,532,596,575,675,675,701,659,655,605,710,652,425,418,49.5122144524,710,1,1,392.062340111688,2.09704689161957,13.5120441926732,2.0907642906265,12.679224938923,7.80454554214638,434.3754281639393,8.410642108391455,13.187650352098048,0.27186477184295654,-119.836275983_44.95296922,6.25,82.5,17.5,0.503860586514163,39,0,0,PIPO,-,0,0,2023,0
30.625,25,4.605170185988092,0,3,CA-1-1,-118.830700875,44.046038073,371.6,-257,-0.122717393094838,0.919503658924594,0.966310205900044,29.9120879120879,2,-118.830700875_44.046038073,Calamity,55,110,210,567,701,1729,Y,N,634,659,634,603,658,643,565,620,643,627,167,212,268,309,294,355,395,442,456,449,536,546,533,578,628.6,189.5,460,-11.7750925865806,578,10,6,519.883072209697,0.23931562542864,11.8450904753037,1.98762845395272,11.9412350056932,6.04220305036617,524.8899645073534,6.001723475376922,12.359802029785303,0.29304587841033936,-118.830700875_44.046038073,17.5,46.875,45,0.486878812565741,6,100,0.1953125,PIPO,PIPO,0,100,2023,4.605170185988092
31.25,23.75,5.0106352940962555,1.25,3,EG-3-2,-119.398529332,43.753288512,249.4,-265.7,-3.12519038783045,0.693069306930693,0.51733944392636,9.95054945054945,1,-119.398529332_43.753288512,Egley,45,110,186,571,701,1591,Y,N,475,467,540,513,524,511,492,536,527,566,524,153,282,292,198,219,265,265,261,255,304,326,295,357,515.1,338.5,42,-191.573855867974,357,NA,11,414.318150105608,-2.18414417635733,13.4022557233508,0.947789485949209,13.5776947503209,5.60905577349674,409.6751396544755,5.70658207712301,13.972442657391815,NA,-119.398529332_43.753288512,18.75,27.5,45.625,0.154911597479561,3,150,0,PIPO?,PIPO,0,150,2023,5.0106352940962555
32.5,63.75,0,0,1,HRN1,-120.542396321,44.471697515,476.1,-85.4,0.357259126684116,1.04719501335708,0.731297873192897,19.3571428571429,2,-120.542396321_44.471697515,HR,25,110,86,535,661,1406,Y,N,503,426,575,564,624,567,562,606,605,583,337,368,381,457,337,527,491,562,507,579,552,588,577,577,561.5,352.5,246,19.244165502991,588,3,1,488.562194384424,0.940657803057502,13.5563629013949,1.69306944167194,12.8535494603458,7.24851035222618,533.8254749924401,7.609974266100847,12.427940694692035,0.6454230546951294,-120.542396321_44.471697515,6.25,62.5,35,-0.372261768929753,15.09740734,0,0.651041667,PSME,N/A,0,0,2022,0
32.5,72.5,7.1308988302963465,36.25,2,FL-6-2,-119.195086347,44.179283706,338.7,-190.7,-0.675447142303393,0.838685304117869,0.675095373929283,10.9285714285714,1,-119.195086347_44.179283706,Flagtail,45,110,202,551,685,1549,Y,N,472,505,545,554,512,491,640,536,493,546,322,275,298,368,335,317,349,338,370,414,323,407,426,444,529.4,298.5,224,-44.934175174796,444,12,3,522.293330147289,-1.46649289485508,13.5245205397356,1.11040995943025,13.4709179026694,6.02901382244027,530.965824341077,5.640576450812989,13.318213069321043,0.4375506639480591,-119.195086347_44.179283706,22.5,88.75,8.75,0.266244921261244,10,1250,34.2447916666667,PIPO,PIPO,0,1250,2023,7.1308988302963465
35,63.75,3.2188758248682006,0,1,EG-3-3,-119.376774435,43.8321037,418,-46.4,2.11116645852788,1.18432385874246,0.661560939759967,21.989010989011,2,-119.376774435_43.8321037,Egley,25,110,195,561,689,1505,Y,N,404,445,487,438,463,479,478,454,491,505,114,162,388,412,442,334,439,477,469,507,550,541,506,528,464.4,138,391,115.776937094648,550,2,2,427.909050115228,-2.27692636142479,13.4489841130982,0.899681859067756,13.6034158747822,5.58602887583671,441.27010629638596,5.678190169047849,13.909137050896021,0.3650340139865875,-119.376774435_43.8321037,28.75,43.75,40,0.450200713316395,9,25,0,PIPO,PIPO,0,25,2023,3.2188758248682006
35,67.5,5.1647859739235145,0.625,1,EG-2-X,-119.389896942,43.728245585,364.1,-178.2,0.437891831392706,0.968098838281394,0.847005300307135,25.010989010989,2,-119.389896942_43.728245585,Egley,45,110,172,501,628,1761,N,N,548,560,550,547,499,497,546,530,602,544,123,150,341,280,347,348,394,388,445,472,476,525,503,496,542.3,136.5,421,37.3385795676604,525,8,2,398.303433222944,-1.97581276749976,13.4399924728451,1.04532065230409,13.6750116712793,5.7320898526727,456.84779834682024,5.819342249971397,12.308861872879742,NA,-119.389896942_43.728245585,26.875,56.25,33.125,-0.178577659274129,3,175,2.01822916666667,PIPO,PIPO,0,175,2023,5.1647859739235145
36.25,11.25,7.090076835776092,3.75,3,BCN4,-118.97464866,45.046283248,392.7,-210.9,0.116830577363976,0.808482438701127,0.408462070618042,9.54945054945055,1,-118.97464866_45.046283248,BC,55,111,185,575,713,1006,Y,N,482,619,569,685,627,635,625,578,607,609,230,312,394,341,409,443,452,339,458,420,359,479,458,488,603.6,271,379,8.17182088354986,488,13,2,461.994244944837,1.36385881928926,15.1226103308388,1.48723857510119,14.4212372460179,8.24323457506403,423.9050782057478,8.48512384150556,14.67536113084347,0.47465118765830994,-118.97464866_45.046283248,17.5,50,40,-0.130386375976841,10.76336193,1200,2.34375,PSME,PIPO,0,1200,2022,7.090076835776092
36.25,40,0,0,1,BCS6,-118.973792994,45.028601105,527.2,-118.5,-0.427291374379382,0.929224097878272,0.368809171641046,7.79120879120879,1,-118.973792994_45.028601105,BC,35,110,92,633,771,989,Y,N,512,656,674,681,706,654,652,631,622,669,394,444,565,498,487,492,529,510,597,554,596,600,506,575,645.7,419,275,-15.6365801560548,600,2,1,450.493418887503,1.17088333090003,15.2964895453453,1.4091898477721,14.6280954951113,8.23368643812269,427.12328545189155,8.599403626136706,14.927599570669571,0.5485147833824158,-118.973792994_45.028601105,7.5,51.25,40,-0.479546493412657,20.76551819,0,0.651041667,PSME,N/A,0,0,2022,0
36.25,42.5,6.802394763324311,20,2,WH-7-3,-119.836292302,44.957627599,668.7,78.1,6.51942057694345,1.31222485607856,0.380325612386038,13.9395604395604,2,-119.836292302_44.957627599,Wheeler,25,110,170,490,624,1273,N,N,592,642,622,515,567,494,565,608,641,660,229,485,557,642,725,687,676,719,736,773,687,763,596,775,590.6,357,431,211.984414602867,775,1,1,392.062340111688,2.09704689161957,13.5120441926732,2.0907642906265,12.679224938923,7.80454554214638,447.3720739956666,8.190782879481972,12.74656973661966,0.27186477184295654,-119.836292302_44.957627599,10,59.375,37.5,0.220034950413874,21,350,51.0416666666667,PIPO,LAOC,550,900,2023,5.857933154483459
36.25,68.75,5.41610040220442,0,1,FL-5-1,-119.182763699,44.201019306,490.1,-111.4,1.30608244835696,1.0407315045719,0.689371268348943,21.6868131868132,2,-119.182763699_44.201019306,Flagtail,55,110,201,548,683,1494,Y,N,491,581,571,643,568,633,655,635,618,620,114,256,466,417,464,426,546,544,555,626,601,576,561,592,601.5,185,506,107.528160838187,626,6,2,456.670672435469,-2.32379824030516,14.0383993251841,0.840435454506477,14.2527143927179,5.85730054243944,496.76483342120196,5.751869671250757,13.316634598738709,0.40058714151382446,-119.182763699_44.201019306,27.5,48.75,48.125,0.146545708993932,12,150,0,PIPO,PIPO,75,225,2023,5.0106352940962555
37.5,56.875,5.926926025970411,0.625,1,EG-4-1,-119.596256319,43.850772012,346,-212.8,0.207691357758393,0.900143163922692,0.84717502530046,26.0714285714286,1,-119.596256319_43.850772012,Egley,45,111,143,548,677,1586,Y,N,549,552,579,551,549,550,549,544,554,611,112,136,252,348,262,345,364,372,437,441,503,492,473,482,558.8,124,499,18.9241571911156,503,10,3,543.282602084886,-2.49046150714116,12.5882166853272,0.791461980001331,12.4798146644585,5.04887758909304,463.32533467268956,5.593945295361946,13.989224047569856,NA,-119.596256319_43.850772012,13.75,43.125,42.5,-0.145782871596876,14,375,0.520833333333333,PIPO,PIPO,0,375,2023,5.926926025970411
38.75,26.25,5.991464547107982,1.25,3,EG-12-2,-119.412818004,43.762404877,280,-326.4,-0.583765514229411,0.66457783641161,0.472684230204917,12.3681318681319,1,-119.412818004_43.762404877,Egley,45,110,179,560,689,1598,Y,N,614,592,652,565,600,587,578,580,627,669,107,151,254,387,291,234,291,282,283,291,336,339,392,403,606.4,129,562,-57.6283798056546,403,NA,3,414.318150105608,-2.18414417635733,13.4022557233508,0.947789485949209,13.5776947503209,5.60905577349674,404.6485441984313,5.697905720031519,14.022558686411912,0.37071770429611206,-119.412818004_43.762404877,11.25,32.5,45,-0.218269589588943,3,400,3.515625,PIPO,PIPO,0,400,2023,5.991464547107982
40,1.875,5.1647859739235145,2.5,3,CA-1-2,-118.827308033,44.045689978,328,-338.2,-0.10726804595863,0.621435004503152,0.61109861300607,10.7912087912088,1,-118.827308033_44.045689978,Calamity,55,111,168,567,701,1729,Y,N,647,680,699,709,700,689,613,640,683,602,164,220,262,323,366,371,328,358,351,331,370,414,405,375,666.2,192,438,-11.0773085707821,414,NA,11,519.883072209697,0.23931562542864,11.8450904753037,1.98762845395272,11.9412350056932,6.04220305036617,538.9329845144279,5.917431398218397,11.932896718169044,0.3973221480846405,-118.827308033_44.045689978,46.25,55,25.625,-0.0261526091434754,8,175,2.34375,PIPO,PIPO,0,175,2023,5.1647859739235145
40,16.25,6.263398262591624,6.25,3,EG-B7-2,-119.399193691,43.75943034,309.3,-245.4,0.0680768368186524,0.822065981611682,0.058215655739224,4.48351648351648,1,-119.399193691_43.75943034,Egley,45,110,186,569,697,1564,Y,N,562,560,564,544,550,526,538,534,575,594,142,155,327,456,335,374,296,265,277,269,339,352,378,354,554.7,148.5,452,5.16180612408812,456,3,3,414.318150105608,-2.18414417635733,13.4022557233508,0.947789485949209,13.5776947503209,5.60905577349674,403.362415160404,5.8085994184526095,14.157476601720662,0.3554772734642029,-119.399193691_43.75943034,11.25,33.75,46.25,-0.44442720400321,1,500,1.69270833333333,PIPO,PIPO,25,525,2023,6.214608098422191
42.5,33.125,5.991464547107982,1.25,3,EG-6-2,-119.419704109,43.728326598,257,-213.2,-0.567212223821541,0.825180774138664,0.591353663409495,11.7307692307692,1,-119.419704109_43.728326598,Egley,35,110,179,547,676,1645,Y,N,492,485,517,417,439,465,447,464,473,503,109,169,271,268,289,192,266,250,254,286,325,301,388,358,470.2,139,394,-37.931210205303,388,12,4,414.318150105608,-2.18414417635733,13.4022557233508,0.947789485949209,13.5776947503209,5.60905577349674,434.021564657181,5.814194665285369,13.272326891022324,0.38217341899871826,-119.419704109_43.728326598,11.875,38.75,29.375,0.0609898996751421,2,400,0,JUOC,PIPO,0,400,2023,5.991464547107982
42.5,5,5.616771097666572,2.5,3,EG-1-X,-119.38951632,43.779260876,274.4,-204.4,-3.17714852593209,0.724728487886383,0.0551465825417443,2.75824175824176,1,-119.38951632_43.779260876,Egley,35,110,181,585,717,1551,Y,N,454,462,509,447,452,451,495,479,514,525,507,179,325,347,280,208,251,309,297,270,278,288,279,313,478.8,343,18,-153.392686527961,347,NA,2,373.216426629847,-1.98141212372787,13.9905498706827,1.01814493795904,14.3408316384709,6.00456887347739,389.96121218243377,5.899482274495457,14.29075597450499,0.36273500323295593,-119.38951632_43.779260876,15,35,48.125,0.4995401054198,2,275,2.01822916666667,PIPO,PIPO,0,275,2023,5.616771097666572
42.5,65,3.2188758248682006,0,1,EG-6-3,-119.339349862,43.633328522,427.5,15.5,4.05035787561984,1.15533980582524,0.221918082686376,6.8076923076923,2,-119.339349862_43.633328522,Egley,25,110,165,596,727,1594,Y,N,444,419,410,379,324,379,364,473,479,449,107,262,417,463,460,445,476,416,434,426,476,471,420,466,412,184.5,342,140.976447059416,476,2,1,346.305071837517,-1.93173528485119,13.6899623233357,1.12225370948271,14.0922697409313,5.87911351924227,368.53444971575,6.097962235832333,14.145854834330128,0.3594995141029358,-119.339349862_43.633328522,11.25,36.25,48.75,-0.202583480806797,4,25,0,-,PIPO,0,25,2023,3.2188758248682006
43.75,20,7.393263094763838,12.5,3,EG-4-2,-119.376193832,43.697205565,305.4,-251.1,-1.15118778760156,0.663072776280323,0.307736122103631,5.8021978021978,1,-119.376193832_43.697205565,Egley,45,110,182,529,653,1692,Y,N,540,535,531,520,559,577,554,538,596,615,238,216,369,270,291,293,328,322,329,292,344,339,353,333,556.5,227,377,-84.2505681015283,369,NA,2,427.054120332081,-1.32971308869909,12.6353075301156,1.36876694048808,12.8513902789063,5.65279722070825,437.99440480857095,6.004100332197953,12.989172760720859,0.39714667201042175,-119.376193832_43.697205565,7.5,32.5,40,-0.432747097266019,1,1600,2.734375,PIPO,PIPO,25,1625,2023,7.3777589082278725
45,38.75,6.163314804034641,2.5,3,HRN11,-120.447936914,44.473558838,466.9,-121.6,-0.377309765732457,1.06881903143585,0.844999581219825,21.7417582417583,2,-120.447936914_44.473558838,HR,15,110,122,438,562,1406,N,N,509,466,566,580,584,618,604,678,640,640,312,382,419,419,470,452,408,474,462,586,597,619,629,616,588.5,347,328,-25.9085718467675,629,7,1,513.462226724857,0.953850009566081,13.3078464134085,1.68140980634345,12.489668064928,7.13084821148731,598.8283622806357,6.833951743892583,11.529143895492496,0.6100742816925049,-120.447936914_44.473558838,18.75,52.5,28.75,-0.463748456973377,19.22698212,450,0,ABGR,PIPO,25,475,2022,6.1092475827643655
45,57.5,6.437751649736401,33.125,2,FL-B7-3,-119.180094152,44.203420158,468.7,-79.9,1.58266519334286,1.18665694495078,0.714611993940648,28.7087912087912,2,-119.180094152_44.203420158,Flagtail,45,110,195,548,683,1562,Y,N,523,521,564,546,497,539,583,547,573,593,161,207,317,462,392,429,522,609,575,629,545,651,582,579,548.6,184,432,125.078388641769,651,3,3,456.670672435469,-2.32379824030516,14.0383993251841,0.840435454506477,14.2527143927179,5.85730054243944,489.1370924271864,5.665782168064753,13.626446873497366,0.4960658848285675,-119.180094152_44.203420158,10.625,55.625,39.375,7.7959318699368e-7,4,550,19.921875,PIPO,PIPO,75,625,2023,6.309918278226516
46.25,25,0,0,3,BCN11,-118.981536421,45.022371279,449,-189.7,-1.07664418141223,0.898700485360889,0.474766893563194,15.4285714285714,1,-118.981536421_45.022371279,BC,55,111,91,611,750,1082,Y,N,451,512,634,695,671,678,711,691,667,677,265,396,495,340,362,329,495,442,567,498,566,574,497,536,638.7,330.5,412,-79.4731898012253,574,8,1,461.994244944837,1.36385881928926,15.1226103308388,1.48723857510119,14.4212372460179,8.24323457506403,414.0248733240967,8.604407589379427,14.734171693316867,0.47495386004447937,-118.981536421_45.022371279,23.75,65,33.75,0.00414000528126144,30.18853188,0,3.90625,PSME,N/A,0,0,2022,0
47.5,6.875,5.857933154483459,0,3,FL-4-2,-119.201183193,44.170926427,375.6,-156.7,1.10901567801798,0.86229569791471,0.00862948680031482,-1.64285714285716,1,-119.201183193_44.170926427,Flagtail,45,110,154,551,685,1537,Y,N,452,522,496,554,522,535,611,542,558,531,117,226,407,459,439,314,435,418,359,361,338,329,429,292,532.3,171.5,414,76.6493108090547,459,3,2,522.293330147289,-1.46649289485508,13.5245205397356,1.11040995943025,13.4709179026694,6.02901382244027,532.5982200709964,5.629913698431984,13.463922747153834,0.4459708034992218,-119.201183193_44.170926427,23.75,45,31.25,-0.485117515031944,11,225,1.82291666666667,?,PIPO,125,350,2023,5.41610040220442
47.5,72.5,3.2188758248682006,0,1,WH-3-X,-119.820143965,44.951722161,526.1,-26.3,-3.50748785899423,1.14590876176684,0.375544622262184,8.6923076923077,2,-119.820143965_44.951722161,Wheeler,15,110,216,505,639,1240,Y,N,570,608,630,504,484,479,588,539,526,596,471,584,477,465,457,486,506,577,566,585,558,573,536,633,552.4,527.5,125,-42.2034662962857,633,1,1,392.062340111688,2.09704689161957,13.5120441926732,2.0907642906265,12.679224938923,7.80454554214638,430.5571873646629,8.498752315282086,13.140458408648787,0.27691662311553955,-119.820143965_44.951722161,14.375,86.25,13.75,0.503860773898326,17,25,1.30208333333333,PSME?,PIPO,0,25,2023,3.2188758248682006
48.125,27.5,10.17542126801977,59.375,2,FL-B5-2,-119.20991948,44.155743479,506,-140.1,0.0746914332743282,0.999845225197338,0.838529634938032,17.1538461538462,2,-119.20991948_44.155743479,Flagtail,55,110,168,519,650,1667,Y,N,515,608,634,664,658,655,666,667,676,718,411,372,451,487,510,519,558,518,538,573,534,589,633,646,646.1,391.5,307,4.9141344739935,646,5,2,522.293330147289,-1.46649289485508,13.5245205397356,1.11040995943025,13.4709179026694,6.02901382244027,553.1338301591843,5.807125968041883,12.074685378784595,0.5016262531280518,-119.20991948_44.155743479,26.25,82.5,15,-0.202583480806797,10,26250,37.3697916666667,PICO,PICO,0,26250,2023,10.17542126801977
48.75,28.75,6.586171654854675,6.25,3,H12,-117.5839002,46.29206069,487.3,-215.8,-1.88184321932351,0.793628217892192,0.518336532686074,6.76373626373626,1,-117.5839002_46.29206069,School,55,110,87,307,427,1410,N,N,747,789,676,642,673,611,704,720,723,746,462,507,463,502,461,475,453,486,478,522,526,558,556,545,703.1,484.5,284,-113.270100245523,558,NA,1,885.482776937265,2.90299271077027,11.5860618200007,2.89221758576463,10.4930155299438,7.24452726538548,842.8981160218076,7.4989880147974635,9.695572655759982,0.6411306262016296,-117.5839002_46.29206069,26.25,45,38.75,-0.480633927974161,16.85352516,600,0,LAOC,ABGR,125,725,2022,6.396929655216146
48.75,5,6.802394763324311,6.25,3,EG-8-2,-119.40432966,43.774274536,284.1,-217.8,0.0424619550416314,0.864714086471409,0.00183413143314753,0.736263736263724,1,-119.40432966_43.774274536,Egley,45,110,175,574,703,1553,Y,N,505,501,498,496,484,506,506,470,519,534,138,122,332,434,301,282,268,303,258,270,271,295,310,276,501.9,130,396,2.80494988774876,434,3,2,391.024047405093,-2.12403650698522,13.9138135595236,0.942608211395372,14.2005711706783,5.89488852626921,396.1561717540437,5.870166506426353,14.25734942373719,NA,-119.40432966_43.774274536,12.5,27.5,40,-0.464032614664605,3,900,0.651041666666667,PIPO,PIPO,0,900,2023,6.802394763324311
48.75,66.25,5.1647859739235145,1.25,1,EG-4-3,-119.367521316,43.825161155,434.9,-84,0.308038223755482,1.03488148005396,0.585329352157291,20.0054945054945,2,-119.367521316_43.825161155,Egley,45,110,117,620,754,1501,Y,N,454,532,509,495,503,508,494,548,563,583,549,165,342,399,488,446,493,483,516,502,515,471,523,537,518.9,357,34,17.9872403592746,537,4,2,427.909050115228,-2.27692636142479,13.4489841130982,0.899681859067756,13.6034158747822,5.58602887583671,418.14374008896573,6.046189865451868,14.481990090604544,NA,-119.367521316_43.825161155,8.75,38.75,60,-0.489370697416048,21,175,10.8072916666667,PIPO,PIPO,0,175,2023,5.1647859739235145
51.25,10,7.24422751560335,0,3,EG-B3-2,-119.39503267,43.773570477,299.6,-269.1,-4.83447939115747,0.722700896782135,0.171147504520156,6.06593406593406,1,-119.39503267_43.773570477,Egley,45,110,175,574,703,1561,Y,N,584,534,582,555,570,590,545,553,576,598,597,231,411,344,230,254,267,310,287,336,326,333,377,372,568.7,414,1,-226.092863650978,411,NA,2,391.024047405093,-2.12403650698522,13.9138135595236,0.942608211395372,14.2005711706783,5.89488852626921,395.6642637310125,5.84782498401038,14.221889450654855,NA,-119.39503267_43.773570477,6.875,23.75,43.75,-0.362845657630846,2,1400,3.90625,PIPO,PIPO,0,1400,2023,7.24422751560335
51.25,43.75,6.684611727667927,2.5,3,H15,-117.5137322,46.26809684,505.6,-190,0.261069541167502,0.813686026451984,0.223144864352029,6.46153846153847,1,-117.5137322_46.26809684,School,65,111,149,294,417,1343,N,N,702,735,691,653,693,596,755,722,691,718,310,397,521,475,551,564,433,566,511,488,550,510,566,545,695.6,353.5,408,19.7010965437803,566,5,2,641.697801852053,3.47860412942678,11.9248539717914,3.0217397146424,10.5705681880724,7.70172905060909,721.5587090786485,7.79306948212549,9.9047297857169,NA,-117.5137322_46.26809684,28.75,46.25,41.25,-0.0052552037260148,23.15473366,800,2.47396,PSME,PIPO,0,800,2022,6.684611727667927
52.5,66.25,6.802394763324311,5,1,WH-4-1,-119.808166488,44.951060925,621.4,18.1,4.12723121237676,1.20172385214653,0.443685003228208,15.6648351648352,2,-119.808166488_44.951060925,Wheeler,25,110,200,503,635,1363,N,N,622,653,624,614,533,522,595,624,628,618,237,413,483,589,628,667,644,725,714,725,626,646,644,686,603.3,325,381,208.046425811141,725,2,1,386.975418088829,2.17819763771134,13.8134820485936,2.0675831024996,12.9580690077723,7.99583984315249,437.6913439710714,8.314031796612698,12.968059616861254,NA,-119.808166488_44.951060925,1.875,53.125,45,0.49168937438586,9,500,33.3333333333333,PIPO,PIPO,400,900,2023,6.214608098422191
53.75,11.25,3.2188758248682006,0,3,EG-10-2,-119.390559401,43.762678861,252.6,-192.2,-0.817970029778802,0.735161870503597,0.150103949688084,3.68681318681319,1,-119.390559401_43.762678861,Egley,35,110,183,569,697,1535,Y,N,448,420,495,424,417,430,414,448,442,510,142,175,260,327,246,204,250,269,268,256,271,285,260,282,444.8,158.5,368,-46.0441938843124,327,NA,3,398.303433222944,-1.97581276749976,13.4399924728451,1.04532065230409,13.6750116712793,5.7320898526727,399.4937905958104,5.839516522117931,14.203262166488798,0.35166409611701965,-119.390559401_43.762678861,10,27.5,46.25,0.187911012342105,1,25,0,PIPO,PIPO,0,25,2023,3.2188758248682006
55,17.5,4.8283137373023015,0,3,EG-8-1,-119.305205962,43.833800707,254.7,-256.6,-1.96756914964405,0.854684138470565,0.900368093948731,20.6428571428572,1,-119.305205962_43.833800707,Egley,35,110,201,645,779,1409,Y,Y,546,531,546,493,502,460,486,509,507,533,481,128,191,252,242,241,262,274,289,300,368,372,437,382,511.3,304.5,52,-140.378837274711,437,12,10,381.967649337038,-1.95628843470339,13.8395454300178,1.00276706659255,14.090688616223,5.94162849765722,401.597756247285,6.259240371243021,14.737803772634633,0.24636045098304749,-119.305205962_43.833800707,25,32.5,45,0.49168937438586,24,125,0,JUOC,JUOC,0,125,2023,4.8283137373023015
56.25,11.25,6.652863029353347,0,3,WH-2-2,-119.865569131,44.949958746,407.4,-136.8,-0.124586418963311,0.979419331128262,0.424849011114323,13.2087912087912,1,-119.865569131_44.949958746,Wheeler,15,110,175,526,661,1202,Y,N,577,544,569,479,519,503,584,532,562,573,240,419,325,264,376,427,406,505,512,427,413,526,416,533,544.2,329.5,333,-7.5097424493909,533,7,1,389.860366761371,2.03703007663148,13.4316104978484,2.10911561658193,12.5987896807656,7.73432028723993,419.2666736600882,8.40945326804148,13.589413932832425,0.26907455921173096,-119.865569131_44.949958746,6.25,36.25,48.125,-0.120682601606992,18,200,42.7734375,PIPO,LAOC,575,775,2023,5.298317366548036
6.25,45,8.980927207648378,46.25,2,EA-5-1,-118.502220832,44.501116083,421.6,-167.6,0.104181008735086,1.18295994568907,0.881371844758251,29.8406593406594,2,-118.502220832_44.501116083,Easy,45,110,95,407,532,1922,N,N,546,588,575,579,604,566,618,630,654,532,207,319,373,386,372,429,394,412,511,460,560,601,685,697,589.2,263,325,8.1207708892145,697,8,2,792.118177596413,0.237749217068889,12.010753852021,1.98166507547218,11.779410685417,6.12425153454497,793.6264499914371,5.564035755252849,10.40903447973154,0.6831485629081726,-118.502220832_44.501116083,15,61.25,32.5,-0.490055374086347,15,7750,44.53125,?,LAOC,200,7950,2023,8.955448122347393
6.25,46.875,7.649692623711514,28.75,2,EA-3-2,-118.514233482,44.482945153,411.6,-156,1.84266710147316,1.00246652572234,0.844633164839631,18.4615384615385,2,-118.514233482_44.482945153,Easy,45,110,119,385,506,1950,N,N,466,601,610,673,639,631,652,621,657,126,163,292,390,390,392,412,419,422,489,413,497,542,569,537,567.6,227.5,-37,140.577285506564,569,8,2,792.118177596413,0.237749217068889,12.010753852021,1.98166507547218,11.779410685417,6.12425153454497,835.7875144010485,5.0949400479958165,10.108092073266775,0.6173995137214661,-118.514233482_44.482945153,12.5,74.375,23.75,-0.474236248624673,12,1750,40.8854166666667,?,LAOC,350,2100,2023,7.4673710669175595
61.25,43.75,0,0,3,EG-7-1,-119.371444232,43.82988332,391.9,-171.2,-1.33195915547252,0.848872313976203,0.663095351302885,16.1043956043956,1,-119.371444232_43.82988332,Egley,45,110,127,585,718,1505,Y,N,538,598,585,565,537,540,527,562,569,610,588,209,309,428,367,387,403,455,464,447,450,441,476,478,563.1,398.5,22,-75.8863901565194,478,7,3,427.909050115228,-2.27692636142479,13.4489841130982,0.899681859067756,13.6034158747822,5.58602887583671,443.3021670427155,5.749894345207135,14.017571341427345,0.36147066950798035,-119.371444232_43.82988332,27.5,36.25,47.5,-0.419856940637078,20,0,0.455729166666667,PIPO,-,0,0,2023,0
62.5,11.875,7.226209010100671,18.125,3,FL-9-2,-119.17446557,44.197868422,381.7,-221.9,1.10327386030213,0.795228628230616,0.291357275574861,11.5934065934066,1,-119.17446557_44.197868422,Flagtail,55,110,181,570,706,1494,Y,N,517,576,570,625,625,648,641,661,581,592,114,164,282,394,428,409,480,474,385,403,398,411,449,398,603.6,139,478,118.003822908617,480,NA,3,456.670672435469,-2.32379824030516,14.0383993251841,0.840435454506477,14.2527143927179,5.85730054243944,493.8815366492941,5.6210469939283305,13.698138284009023,0.42138469219207764,-119.17446557_44.197868422,11.25,67.5,30,0.413234672346908,10,1300,18.4895833333333,PICO-PIPO,PIPO,75,1375,2023,7.170119543449628
63.75,2.5,0,5,3,H1,-117.5343066,46.29348527,332.4,-348.9,-2.07507845305554,0.617936298253339,0.306472342543326,7.01098901098903,1,-117.5343066_46.29348527,School,55,111,176,317,444,1269,N,N,646,701,689,715,676,626,710,676,696,678,419,394,257,341,331,287,291,373,351,325,374,421,394,395,681.3,406.5,259,-184.307241578678,421,NA,11,749.386384950805,3.45736659071865,11.7993239684283,3.01442378997224,10.4726554687499,7.62834527957346,692.1480833701394,8.064222334121316,10.162545757011753,NA,-117.5343066_46.29348527,21.25,36.25,41.25,-0.483505699741352,3.482126713,0,0,PIPO,PIPO,0,0,2022,0
63.75,20,7.362010551259734,10,3,EA-1-2,-118.498991037,44.478015733,388.5,-247.2,0.562609412387192,0.814849771904987,0.805932340532198,14.2362637362638,1,-118.498991037_44.478015733,Easy,55,110,199,387,511,1908,N,N,655,685,645,649,660,664,702,730,724,243,240,296,370,394,393,370,402,384,407,408,461,518,498,491,635.7,268,3,54.5073216205485,518,11,3,792.118177596413,0.237749217068889,12.010753852021,1.98166507547218,11.779410685417,6.12425153454497,840.8671716580341,5.052612400723874,9.900986574053535,0.6230202317237854,-118.498991037_44.478015733,9.375,80,15.625,0.25113184938427,4,1100,56.1197916666667,?,PICO,475,1575,2023,7.003065458786462
7.5,43,6.715383386334681,2.75,1,H10,-117.5946108,46.28661109,537.4,-287.3,-1.73856775094396,0.759063902024979,0.223234437288302,6.87912087912088,1,-117.5946108_46.28661109,School,75,111,138,287,407,1381,N,N,826,822,815,837,815,808,843,809,838,834,413,570,571,555,452,529,436,586,568,546,561,604,626,618,824.7,491.5,421,-125.949610677772,626,NA,1,885.482776937265,2.90299271077027,11.5860618200007,2.89221758576463,10.4930155299438,7.24452726538548,938.5119633661577,6.973299958926606,9.12827771101326,0.5929774641990662,-117.5946108_46.28661109,13.25,36.25,47.25,-0.371140275334589,22.1185627,800,4.81771,PSME,PIPO,25,825,2022,6.684611727667927
70,61.25,6.309918278226516,1.25,3,FL-7-1,-119.183264092,44.17897627,479.8,-128.9,1.35734791137371,1.04977821586989,0.671882147807445,25.978021978022,2,-119.183264092_44.17897627,Flagtail,0,100,200,523,658,1648,Y,N,516,500,579,629,610,637,695,659,608,654,220,181,372,478,486,472,538,612,546,586,527,602,639,604,608.7,200.5,434,131.911610761699,639,6,2,522.293330147289,-1.46649289485508,13.5245205397356,1.11040995943025,13.4709179026694,6.02901382244027,528.9957984843381,5.792474926299551,12.349261702398593,0.3650503158569336,-119.183264092_44.17897627,27.5,48.75,42.5,0.330119795886369,6,550,3.515625,PIPO,PIPO,0,550,2023,6.309918278226516
72.5,62.5,5.1647859739235145,0,3,EG-5-1,-119.380719732,43.821988046,533.2,-94.0999999999999,0.232661934489711,1.08082257293161,0.527778454413228,22.7032967032967,2,-119.380719732_43.821988046,Egley,45,111,167,576,707,1574,Y,N,636,636,658,649,605,602,589,607,649,642,608,212,491,573,514,457,609,555,597,646,678,658,581,626,627.3,410,34,11.2611935973207,678,3,2,427.909050115228,-2.27692636142479,13.4489841130982,0.899681859067756,13.6034158747822,5.58602887583671,413.49895382940355,5.758118078223286,14.034575737554743,0.3609808683395386,-119.380719732_43.821988046,6.25,41.25,58.75,-0.0261526091434754,8,175,2.9296875,PIPO,PIPO,0,175,2023,5.1647859739235145
76.25,11.875,3.2188758248682006,0,3,WH-2-X,-119.844086993,44.94162619,328.6,-247.1,-1.18614269781057,0.731283654681258,0.037051384081386,3.05494505494505,1,-119.844086993_44.94162619,Wheeler,25,110,163,548,681,1204,Y,N,574,595,567,525,556,518,616,579,595,632,308,298,300,221,352,313,304,421,335,417,325,275,232,385,575.7,303,324,-96.369814574213,421,NA,4,392.062340111688,2.09704689161957,13.5120441926732,2.0907642906265,12.679224938923,7.80454554214638,414.05057510688334,8.630276982557989,13.97314579979297,0.2966946065425873,-119.844086993_44.94162619,0,38.125,58.125,0.0436038944478502,18,25,0.78125,PSME,PIPO,0,25,2023,3.2188758248682006
78.75,12.5,6.263398262591624,1.25,3,WH-5-2,-119.840348197,44.954447069,467,-142.2,-1.801789391778,0.845370978332239,0.00284398508098727,-0.516483516483519,1,-119.840348197_44.954447069,Wheeler,25,110,196,515,649,1273,Y,N,597,649,688,614,519,471,589,654,653,658,425,498,501,385,483,481,439,515,461,475,432,425,468,507,609.2,461.5,233,-76.4513417684583,515,1,1,392.062340111688,2.09704689161957,13.5120441926732,2.0907642906265,12.679224938923,7.80454554214638,440.8294999987901,8.38806835314588,13.27985042936837,0.25396600365638733,-119.840348197_44.954447069,4.375,54.375,45,0.402731524837918,12,375,13.0208333333333,PIPO,PIPO,150,525,2023,5.926926025970411
8.75,72.5,5.703782474656201,1.875,1,EG-11-1,-119.407927276,43.776763052,344.2,-159.9,-1.53482019410689,0.975996826026582,0.812045992373071,21.5989010989011,1,-119.407927276_43.776763052,Egley,45,110,171,585,715,1553,Y,N,527,514,493,461,506,465,514,486,547,528,504,164,297,386,306,329,346,339,382,426,467,456,491,492,504.1,334,24,-85.3463350233707,492,9,3,391.024047405093,-2.12403650698522,13.9138135595236,0.942608211395372,14.2005711706783,5.89488852626921,398.9691360774871,5.84326322356648,14.233322159512603,0.3901994824409485,-119.407927276_43.776763052,10,21.875,56.875,-0.356951009378303,2,300,0,PIPO?,PIPO,0,300,2023,5.703782474656201
8.75,93.75,5.298317366548036,0,1,WH-5-1,-119.838445966,44.964470191,501.3,-82.8,0.252581607967861,1.19500085601781,0.655734199091964,20.2252747252747,2,-119.838445966_44.964470191,Wheeler,0,106,209,478,612,1406,N,N,613,610,622,551,452,476,580,598,668,671,351,421,366,418,483,482,544,606,586,626,481,623,541,698,584.1,386,320,15.6397155388502,698,4,1,392.062340111688,2.09704689161957,13.5120441926732,2.0907642906265,12.679224938923,7.80454554214638,458.2389636999008,7.617167957188373,12.00798008292489,0.43732750415802,-119.838445966_44.964470191,2.5,78.75,18.125,0.47231829427293,32,175,0,PIPO,PIPO,25,200,2023,5.1647859739235145
81.25,24.375,3.912023005428146,0,3,WH-4-2,-119.845723854,44.943278182,399.1,-155.4,-0.318538690568592,0.963029756537421,0.0556120184379871,4.32967032967033,1,-119.845723854_44.943278182,Wheeler,25,110,138,548,681,1204,Y,N,533,558,598,581,493,436,542,579,605,620,245,381,291,327,373,398,429,444,498,534,316,334,361,421,554.5,313,375,-21.2558530628627,534,7,1,392.062340111688,2.09704689161957,13.5120441926732,2.0907642906265,12.679224938923,7.80454554214638,417.9465447474267,8.598711542028589,13.931317861435959,0.2966946065425873,-119.845723854_44.943278182,1.25,52.5,37.5,-0.154058449209153,20,50,0.260416666666667,PSME,JUOC,0,50,2023,3.912023005428146
81.25,76.25,6.620073206530356,16.25,3,FL-10-1,-119.189834631,44.186306696,449.1,-125.5,1.44401170207825,1.04420466411417,0.575254367631676,22.9010989010989,2,-119.189834631_44.186306696,Flagtail,45,110,88,552,686,1655,Y,N,466,571,565,591,544,570,634,599,599,607,169,200,376,351,487,439,537,568,575,552,406,574,547,600,574.6,184.5,438,129.989683822437,600,4,2,494.501076470563,-1.05351021131872,13.6623360528164,1.18704339878075,13.569474591416,6.30441292074885,525.0653142017607,5.679115312679289,13.293132199048891,0.4327937364578247,-119.189834631_44.186306696,33.75,75,22.5,-0.451525743115267,16,750,4.55729166666667,PIPO,PIPO,0,750,2023,6.620073206530356
83.75,57.5,4.8283137373023015,0,3,EG-8-3,-119.384450062,43.824674242,568.7,-67.6999999999999,3.27021183637209,1.10307982401006,0.335402421891234,20.9835164835165,2,-119.384450062_43.824674242,Egley,45,111,144,573,703,1574,Y,N,628,676,652,643,616,607,605,591,649,697,124,166,434,641,621,687,624,579,583,650,702,639,605,640,636.4,145,573,261.069186365219,702,3,2,427.909050115228,-2.27692636142479,13.4489841130982,0.899681859067756,13.6034158747822,5.58602887583671,424.9109774911441,5.678701956147206,13.915995637106903,0.35642123222351074,-119.384450062_43.824674242,18.75,38.125,59.375,-0.400849297062757,4,125,0.716145833333333,PIPO,PIPO,0,125,2023,4.8283137373023015
83.75,66.25,4.605170185988092,0,3,CA-B3-3,-118.838025014,44.042796589,545.8,-36.5,2.73154614553796,1.275974583548,0.710078506850132,36.8296703296703,2,-118.838025014_44.042796589,Calamity,45,110,147,548,678,1675,Y,N,577,597,590,569,614,610,583,571,580,532,165,206,374,358,521,527,652,639,734,704,743,726,613,695,582.3,185.5,367,217.718241394231,743,4,2,519.883072209697,0.23931562542864,11.8450904753037,1.98762845395272,11.9412350056932,6.04220305036617,510.746898987305,5.913225829533967,12.029933427764284,NA,-118.838025014_44.042796589,12.5,71.25,20,-0.490055374086347,14,100,0.260416666666667,PIPO,LAOC-PIPO,0,100,2023,4.605170185988092
85,78.75,0,0,3,CA-B5-3,-118.83653726,44.040542583,559.6,-21.1999999999999,3.30226894822063,1.22589531680441,0.71385899928033,30.7637362637363,2,-118.83653726_44.040542583,Calamity,45,110,133,567,701,1689,Y,N,529,629,608,572,595,584,580,571,594,546,215,244,386,451,598,602,630,674,663,636,712,672,692,701,580.8,229.5,331,235.061922717941,712,4,2,519.883072209697,0.23931562542864,11.8450904753037,1.98762845395272,11.9412350056932,6.04220305036617,510.746898987305,5.913225829533967,12.029933427764284,NA,-118.83653726_44.040542583,12.5,61.25,38.75,-0.471904181474892,16,0,2.99479166666667,PIPO,-,0,0,2023,0
88.75,27.5,4.8283137373023015,0,3,WH-1-2,-119.873846052,44.952720836,390.3,-214.2,-1.81117431298894,0.74110835401158,0.00755455834321454,-1.29120879120879,1,-119.873846052_44.952720836,Wheeler,15,110,214,526,661,1202,Y,N,596,636,653,544,556,449,658,600,678,675,392,427,412,273,438,404,374,434,377,427,337,410,281,448,604.5,409.5,283,-117.412721260754,448,NA,1,389.860366761371,2.03703007663148,13.4316104978484,2.10911561658193,12.5987896807656,7.73432028723993,429.3353101421502,8.1878712853275335,13.043330719226885,0.3452838361263275,-119.873846052_44.952720836,8.75,62.5,36.875,0.499540362327088,15,50,17.7734375,PIPO,JUOC,75,125,2023,3.912023005428146
91.25,0,3.2188758248682006,0,3,WH-1-X,-119.877714187,44.954237604,272.5,-217.4,-1.85473134756104,0.757297407634211,0.0988666683356737,3.96703296703297,1,-119.877714187_44.954237604,Wheeler,0,104,229,492,627,1202,N,N,521,533,557,427,434,360,549,495,503,520,311,321,261,200,227,287,292,371,248,272,246,283,292,363,489.9,316,209,-113.393999482717,371,NA,1,389.860366761371,2.03703007663148,13.4316104978484,2.10911561658193,12.5987896807656,7.73432028723993,426.6037924082042,8.165389316568241,13.133959345547579,0.3452838361263275,-119.877714187_44.954237604,7.5,27.5,72.5,0.196030335089608,30,0,0,PIPO,-,25,25,2023,0
