NewSiteID,OldSiteID,delta_nbr,relative_regrowth,pct_recovery,postfire_fitted_slope,cluster,x_y,x,y,fire,canopy_cover,veg_height,0,1,2,3,4,5,6,7,8,9,10,11,12,13,14,15,16,17,18,19,20,21,22,23,predisturbance_nbr,postdisturbance_nbr,disturbance_nbr,absolute_regrowth,max.postfire.nbr,time_to_0.8recovery,time_to_0.6recovery,hli
EG-B1-1,EG_3_1,-315.2846408,0.866897725,0.809544831,42.80682849,1,-119.381351316_43.824354036,-119.3813513,43.82435404,egley,45,111,385.0227051,379.4623108,366.6526794,373.0591736,420.7781677,381.9117126,383.1141357,397.9848938,431.2251282,445.6994019,-432.07547,-434.947052,-195.3125,80.60708618,61.5018692,103.1390152,134.9389648,-1.199760079,48.07121658,161.8685455,241.210144,177.2393188,264.4978638,320.9772644,396.4910309,81.20639004,-433.511261,156.2240925,320.9772644,13,10,178
EG-B2-1,EG_4_1,-420.300067,-0.293130714,0.865204315,61.02195105,1,-119.354793316_43.671460036,-119.3547933,43.67146004,egley,45,111,462.6060181,425.2394714,476.1341248,454.7667236,411.5755615,415.5844116,432.4213867,436.6082458,486.0681152,449.9406433,-437.6098328,-416.8157349,-174.3644867,-68.3068924,-169.1752014,-140.2323761,-86.60597992,-15.61338329,42.95074081,193.976181,334.2683411,331.0470886,385.0976563,317.0115967,445.0944702,24.79440317,-427.2127838,-55.94249852,385.0976563,12,10,137
EG-B3-1,EG_7_1,-244.5636189,0.00325098,0.595428688,28.66759552,1,-119.596254316_43.856302036,-119.5962543,43.85630204,egley,35,111,200.2518921,258.5499268,230.2158203,204.2457428,212.1212158,224.2843628,224.719101,224.9502258,250.08461,269.0389099,-339.4255981,-268.1409912,-77.8635788,-131.2360992,-118.1334915,-60.33306122,-24.20656204,-19.40035248,46.50596619,60.75833893,76.78160858,99.95285034,115.1600113,136.8570099,229.8461807,-14.71743813,-303.7832947,0.36474647,136.8570099,NA,NA,173
EG-B4-1,EG_12_1,-259.8881905,0.429114262,1.01048171,39.76845638,1,-119.360484316_43.791102036,-119.3604843,43.79110204,egley,45,110,322.4043579,383.5125427,385.9896545,395.1170959,410.6186218,400.4728088,401.412262,432.0038452,368.5649109,352.0992432,-384.9582214,-250.1098938,102.0059738,53.9656601,72.64424896,-7.683864117,73.82550049,9.317927361,88.65979004,215.3354645,319.7236328,325.519104,389.2572937,335.4363708,385.2195343,125.3313438,-317.5340576,56.69298079,389.2572937,10,10,133
EG-B5-1,EG_19_1,-309.8158673,0.181633195,0.780733646,43.63714007,1,-119.392462316_43.705690036,-119.3924623,43.70569004,egley,45,110,311.1259155,401.1799316,379.5568237,340.3675842,357.9098206,372.2201843,352.4416199,336.6583557,347.507843,400.491394,-388.8888855,-384.6734619,-38.20539856,-92.48376465,-87.56021881,-72.62924194,-2.496532679,112.426033,125.5081329,154.9581604,180.2154694,221.568161,281.0219116,232.511322,359.9459473,50.13008001,-386.7811737,27.03662791,281.0219116,NA,11,201
EG-B6-1,EG_20_1,-290.4022293,0.136048496,0.768032791,48.70265659,1,-119.474304316_43.809032036,-119.4743043,43.80903204,egley,45,111,383.6150818,400.2665405,410.1027527,371.2891541,334.1677246,327.1343994,384.1489868,400.8130188,384.0975952,432.8873596,-308.7044678,-296.4867249,-139.1509399,-122.5666885,-46.43104553,2.733070135,82.55813599,109.5767059,197.5088959,264.9076538,293.5050659,281.8594666,294.0430908,273.6966858,382.8522614,92.45003202,-302.5955963,21.97170372,294.0430908,NA,9,147
EG-B7-1,EG_22_1,-353.933638,-0.030778742,0.645162583,33.47798932,1,-119.371324316_43.783278036,-119.3713243,43.78327804,egley,45,111,313.214447,358.3293762,323.7539368,345.4545593,335.3684998,284.7623291,355.6747131,272.1631165,293.350708,323.3287964,-316.0377502,-356.0666199,-197.496521,56.33270264,-128.2051239,-81.20649719,-68.67079163,-102.880661,-33.03471375,21.75622559,105.913269,93.55621338,127.0996628,206.8004456,320.5400482,-33.39358978,-336.0521851,-4.293894859,206.8004456,NA,13,164
EG-B8-1,EG_29_1,-380.6668072,0.001090101,0.657569372,45.24919327,1,-119.379996316_43.704060036,-119.3799963,43.70406004,egley,45,110,470.5882263,463.1147461,428.5714417,421.9043884,397.317688,424.0663757,417.4125366,398.6513367,446.2490234,453.1685791,-368.366272,-359.9689636,-147.0361786,29.81410027,-103.8286819,-74.87623596,2.309468746,70.21517181,117.3123779,164.5699615,209.9147949,245.9814911,247.1462708,284.1386414,432.1044342,51.43762698,-364.1676178,0.185169201,284.1386414,NA,13,181
EG-B9-1,EG_33_1,-279.9727614,0.345820656,0.387740208,30.41643003,1,-119.374305316_43.829570036,-119.3743053,43.82957004,egley,35,110,228.7360229,232.7272797,235.2122498,223.0878143,227.9463654,213.7592163,244.6538544,233.0879822,242.2907562,276.8777466,-428.4581909,-351.2064209,-202.4659271,-105.0228348,-109.0018387,-112.1076202,-45.10451126,-4.573580742,25.08767128,6.25651741,58.16326523,47.42053223,91.44384766,90.13560486,235.8379288,-44.13483267,-389.8323059,46.99464127,91.44384766,NA,NA,204
EG-B1-2,EG_4_2,-335.9639431,0.892863689,0.38029308,23.61677361,2,-119.379454316_43.786538036,-119.3794543,43.78653804,egley,45,110,354.4147949,432.46698,424.4846497,397.3050232,424.5014343,404.3624268,401.0828857,424.5880737,428.0908203,467.8979797,-425.8928528,-406.730072,-124.9589996,78.4313736,70.74061584,102.4824982,151.4614716,54.90654373,94.81808472,158.1713104,144.9163513,68.58638763,40.60780716,132.0261383,415.9195068,79.95556374,-416.3114624,156.403615,158.1713104,NA,NA,198
EG-B2-2,EG_8_2,-333.3775131,0.15096508,0.285512313,29.54210598,2,-119.302761316_43.850760036,-119.3027613,43.85076004,egley,45,110,335.8547668,306.25,311.7533569,271.4486694,263.4289856,255.3606262,365.2453613,289.2097778,317.1508179,385.596405,-298.0132446,-318.1976929,-256.3840637,-151.271759,-51.32962418,-46.58385086,39.75943756,37.10247421,32.96703339,72.46376801,41.68952179,49.1106987,68.47826385,88.54589844,310.1298767,-23.24763641,-308.1054688,23.90935149,88.54589844,NA,NA,203
EG-B3-2,EG_13_2,-351.3719095,-1.687248517,0.361597179,-0.763061869,2,-119.394901316_43.773824036,-119.3949013,43.77382404,egley,35,110,218.0059509,230.9360352,217.1008759,282.3991394,223.0933685,247.1622162,312.5679016,305.4518433,267.6371765,327.6197815,-146.5990753,-212.0333405,95.17144775,-6.193078518,-144.8366852,-113.0434799,-160.3535309,-122.6006165,-129.4669037,-114.4225616,-92.52948761,-93.46990967,-87.59894562,-55.52801132,263.1974289,-88.17448058,-179.3162079,-157.7495312,95.17144775,NA,NA,176
EG-B4-2,EG_17_2,-401.3698312,-0.314679496,0.260494416,34.3082258,2,-119.640156316_43.875536036,-119.6401563,43.87553604,egley,45,111,392.6963501,368.421051,341.8326721,348.6238403,316.9354858,341.3621216,335.8208923,298.993042,326.5720215,315.9664001,-341.2052002,-336.7088623,-243.168457,-102.1069717,-218.4776306,-178.0076141,-47.67153549,-24.80158806,3.257328987,56.67360687,45.23809433,82.59033203,85.67243958,88.23529053,338.7223877,-62.64744349,-338.9570313,-48.12886753,88.23529053,NA,NA,191
EG-B5-2,EG_22_2,-319.7115653,-0.357669528,0.240202658,16.04875936,2,-119.370240316_43.756220036,-119.3702403,43.75622004,egley,35,110,261.021698,244.8979645,269.2867432,312.0119019,286.5745544,253.2281189,296.8171692,272.4039917,303.0523376,336.3533325,-283.0357056,-289.9770508,-28.63056183,22.02937317,-104.4867859,-69.98813629,-74.03253174,-63.12849045,-46.23802948,-25.72983742,-3.196459293,31.93361855,33.87638855,68.11301422,283.5647812,-36.14678407,-286.5063782,-40.69942338,68.11301422,NA,NA,181
EG-B6-2,EG_26_2,-310.8410988,0.444154476,0.158276301,25.19188543,2,-119.350728316_43.834134036,-119.3507283,43.83413404,egley,45,110,258.6979065,240.2277069,249.0118561,282.160614,246.5654449,183.6425629,209.752594,272.3197632,233.2514954,294.0740662,-492.8838806,-408.0882263,-168.8875122,-143.7658997,-109.6385574,-81.72280884,-43.47826004,-73.87863159,-32.42542267,1.227596402,39.08956146,-25.22704315,-1.285677552,33.51519775,246.970401,-63.87069777,-450.4860535,62.732792,39.08956146,NA,NA,189
EG-B7-2,EG_32_2,-399.5477455,-0.349731455,-0.101545379,14.21888947,2,-119.397611316_43.759154036,-119.3976113,43.75915404,egley,45,110,173.2711792,302.7444153,308.7409668,293.1506958,287.7049255,325.7097778,318.1089783,297.320282,312.5253296,358.9425964,-370.8370972,-381.4199524,-83.6076355,-59.96533966,-137.5276642,-117.9872742,-144.1047974,-122.437355,-134.2391357,-108.0608902,-54.21389771,-55.11431885,-30.24243927,-44.42860413,297.8219147,-101.7258308,-376.1285248,-49.45850618,-30.24243927,NA,NA,181
EG-B8-2,EG_36_2,-533.2052139,-0.997422489,-0.178291155,13.46195577,2,-119.468342316_43.781322036,-119.4683423,43.78132204,egley,45,110,334.9168701,416.0524292,386.6465454,349.674469,421.9001465,382.1073608,416.7009583,385.1535034,397.9348755,420.5087585,-298.17276,-311.5752869,-122.7020111,-198.901535,-209.0517273,-147.5306702,-166.0066986,-166.4596252,-129.721817,-102.3489914,-95.39295197,-82.3401947,-109.662796,-69.74029541,391.1595917,-142.0456223,-304.8740234,-161.7482256,-69.74029541,NA,NA,139
EG-B9-2,EG_37_2,-387.7485206,-0.11837108,0.103469201,21.48871721,2,-119.344224316_43.725576036,-119.3442243,43.72557604,egley,45,110,251.3128357,265.402832,335.5957642,310.3192139,267.2978821,290.81427,310.3448181,262.0768433,320.031311,336.360199,-397.9815674,-371.9125061,-185.6745453,-49.69366837,-137.2674866,-125.9519653,-93.47641754,-105.8691406,-118.9499588,-88.57001495,-27.21774101,4.74170208,-5.839045525,30.51881981,294.9555969,-92.79292364,-384.9470367,-17.34931632,30.51881981,NA,NA,176
EG-B10-2,EG_42_2,-515.6693626,-0.256580329,0.10297732,30.28321082,2,-119.584330316_43.878470036,-119.5843303,43.87847004,egley,45,111,345.2807617,419.4078979,400.8311157,422.8083801,380.1747131,393.9393921,368.2155457,386.9158936,458.3795776,400.7050476,-463.2843933,-415.3960571,-297.0261536,-136.9862976,-195.0769196,-178.9532928,-96.07351685,-92.21679688,-84.80309296,-46.01226807,-33.54297638,-19.34398651,11.20206833,40.95056152,397.6658325,-118.0035301,-439.3402252,-49.57623409,40.95056152,NA,NA,189
EG-B11-2,EG_43_2,-511.2462227,-0.689507024,-0.236828411,20.10089145,2,-119.722269316_43.869994036,-119.7222693,43.86999404,egley,45,110,211.1706238,401.5532227,344.2492065,336.0096436,314.1300049,287.8431396,317.3895569,355.0247192,326.5637817,381.486084,-332.0999146,-379.5821838,-316.5829163,-219.5472565,-212.4743042,-196.4512024,-178.5604858,-166.0628052,-161.114151,-143.897995,-164.7798767,-77.57125092,-77.5818634,-107.9460297,327.5419983,-183.7042244,-355.8410492,-119.2754634,-77.57125092,NA,NA,167
EG-B12-2,EG_44_2,-297.3110871,0.018680858,0.251030977,25.05034881,2,-119.324712316_43.816856036,-119.3247123,43.81685604,egley,35,110,206.8230286,211.1000977,214.8733063,258.4415588,143.3998108,182.3343811,179.7082214,186.6938171,230.9197693,256.2520447,-375.5036316,-384.4104004,-165.7178955,-95.26937866,-141.190918,-63.14903259,-156.6586609,-88.99176788,-162.5414581,-46.9671936,28.93738174,-11.01591206,51.97711945,48.39105988,207.0546036,-90.25648355,-379.957016,2.28061922,51.97711945,NA,NA,194
EG-B1-3,EG_5_3,-115.6144562,1.541151657,1.262974497,39.79742237,3,-119.580536316_43.857932036,-119.5805363,43.85793204,egley,45,110,309.5238037,275.6052246,210.6824951,198.7925873,236.089035,183.9270935,217.3535767,178.673172,199.832428,227.7894745,-334.3621521,-292.7063293,-126.0285873,-29.08953476,11.73881149,47.36129761,120.9976425,161.3312225,212.4386292,222.8395081,211.6030579,248.9322815,201.3093262,282.6876526,223.826889,108.2124329,-313.5342407,163.1639513,282.6876526,8,7,160
EG-B2-3,EG_6_3,-210.2227842,1.224914329,0.92837868,48.17404477,3,-119.606552316_43.828266036,-119.6065523,43.82826604,egley,45,110,381.9075012,418.6908264,430.6220093,397.1452637,360.9368591,345.8248596,412.5214539,401.8226929,441.3361206,462.1848755,-383.003479,-376.5491028,-165.0399323,-15.28812218,87.37151337,194.2996216,289.1771851,257.2830505,291.4250793,315.6466675,319.6183777,376.2711792,316.9845581,265.0565491,405.2992462,195.076462,-379.7762909,219.8194528,376.2711792,11,6,187
EG-B3-3,EG_7_3,-129.8477793,1.784296992,1.029077539,0.174348014,3,-119.352354316_43.616040036,-119.3523543,43.61604004,egley,25,110,169.5845337,244.7710571,219.5381012,186.4682007,125.824173,169.9208374,95.54482269,225.4797516,326.1974792,351.3957214,-406.9634705,-124.7119064,87.90383148,135.1878967,217.6215668,145.6162567,95.63409424,42.77516937,-45.7910614,23.46193886,60.34939194,53.4878006,75.45671082,88.34103394,211.4724678,81.62468853,-265.8376884,134.4099901,217.6215668,4,3,182
EG-B4-3,EG_18_3,-96.96306458,2.139164725,1.120606938,26.83865038,3,-119.310891316_43.836416036,-119.3108913,43.83641604,egley,35,110,288.5205688,279.9732056,288.9771729,295.3472595,267.2357178,289.509552,280.8912964,284.2176514,318.885437,382.5744019,-290.0513916,-225.6074066,-114.4051666,180.07164,243.5424347,284.8959961,277.0949707,176.4038544,164.0057983,242.0537872,333.5074463,219.3308563,263.5825806,235.4821472,297.6132263,200.6501617,-257.8293991,255.1355582,333.5074463,4,3,161
EG-B5-3,EG_32_3,-190.2507614,1.191605206,0.929352037,37.67425977,3,-119.400863316_43.718078036,-119.4008633,43.71807804,egley,45,111,356.3492126,357.7235718,353.0864258,345.7862854,334.5656128,358.9519653,335.8458862,346.5597229,373.2922058,374.9465637,-315.7149658,-325.3804932,-168.9972076,109.5166168,74.27735138,101.4290695,192.8429413,178.7727966,328.7218018,286.9814148,249.3407593,281.7142944,178.3912201,241.087616,353.7107452,163.4599838,-320.5477295,177.3741682,328.7218018,8,8,182
EG-B6-3,EG_41_3,-16.19670181,4.119630619,1.519505691,-7.80303582,3,-119.334468316_43.623864036,-119.3344683,43.62386404,egley,25,110,330.2052917,323.6514587,235.0877228,210.5586243,224.0638428,316.6357422,223.6102448,405.4370117,411.6607666,436.073761,-409.9838867,-29.54808807,352.4020996,424.7214355,473.6275635,415.0549011,319.7815552,188.4580688,88.16928864,185.9468689,297.5666809,209.2889862,177.2151947,226.3723755,311.6984467,295.5017448,-219.7659874,293.2556683,473.6275635,2,2,152
EA-B1-1,EA_1_1,-266.1,-1.192978462,1.298159509,47.58241758,1,-118.492472193_44.487872617,-118.4924722,44.48787262,easy,35,110,284,433,383,386,384,364,479,459,445,458,0,0,0,0,0,0,55,149,230,278,333,369,456,529,407.5,141.4,0,-144.0233546,529,10,9,135
EA-B2-1,EA_7_1,-255.2,-1.96191396,1.243339254,50.37362637,1,-118.480754193_44.488197617,-118.4807542,44.48819762,easy,45,110,366,443,405,424,456,514,421,492,491,492,406,0,0,0,57,67,144,251,290,377,321,445,494,560,450.4,195.2,203,-208.645722,560,9,8,105
EA-B3-1,EA_9_1,-385.9,-2.032889641,1.082188973,43.32417582,1,-118.477964193_44.485922617,-118.4779642,44.48592262,easy,45,110,345,495,515,515,462,458,497,524,504,564,207,0,0,0,0,0,52,85,132,208,231,312,456,528,487.9,102,103.5,-251.3028659,528,12,11,130
EA-B4-1,EA_28_1,-372.5,-2.793715531,1.132037668,47.86813187,1,-118.514234193_44.494697617,-118.5142342,44.49469762,easy,55,110,397,457,579,490,532,515,484,485,509,543,449,0,0,0,0,0,92,129,167,250,240,388,495,565,499.1,126.6,224.5,-299.7079871,565,12,11,202
EA-B5-1,EA_29_1,-166.2,-0.976274519,1.208670096,64.1978022,1,-118.526510193_44.473247617,-118.5265102,44.47324762,easy,55,110,441,406,538,607,595,558,608,570,522,599,511,0,22,49,190,183,344,455,578,655,648,658,580,651,544.4,378.2,255.5,-120.4753182,658,7,6,201
EA-B1-2,EA_10_2,-347,-2.065110516,0.275255392,6.115384615,2,-118.497773193_44.478447617,-118.4977732,44.47844762,easy,45,110,322,335,299,403,314,335,399,353,382,382,146,0,0,0,0,0,0,0,0,0,0,54,63,97,352.4,5.4,73,-188.9002242,97,NA,NA,202
EA-B2-2,EA_15_2,-269.8,-1.803819746,0.70170534,20.35164835,2,-118.515629193_44.495022617,-118.5156292,44.49502262,easy,55,110,259,347,363,387,410,360,385,366,313,387,250,0,0,0,8,61,108,124,145,211,83,139,216,251,357.7,87.9,125,-146.2498935,251,NA,12,171
EA-B3-2,EA_16_2,-272.9,-2.517003741,0.328827183,5.302197802,2,-118.514792193_44.485922617,-118.5147922,44.48592262,easy,45,110,164,169,285,302,239,346,322,305,301,304,234,0,0,0,0,0,0,0,0,1,0,7,79,90,273.7,0.8,117,-182.7128315,90,NA,NA,165
EA-B4-2,EA_23_2,-343.6,-2.228459397,0.67699115,24.15934066,2,-118.491914193_44.497622617,-118.4919142,44.49762262,easy,55,110,329,420,466,478,412,443,493,460,487,532,468,0,0,0,120,74,104,141,140,204,89,212,302,306,452,108.4,234,-238.2403603,306,NA,12,138
EA-B1-3,EA_3_3,0,-1.356186285,2.237740534,73.26373626,3,-118.496657193_44.497622617,-118.4966572,44.49762262,easy,45,110,125,224,268,376,315,347,405,379,382,401,370,0,0,0,125,0,217,424,522,637,589,708,641,721,322.2,322.2,185,-118.1309401,721,7,6,180
EA-B2-3,EA_5_3,-203.3,0.202016545,1.111301958,61.85714286,3,-118.486892193_44.500547617,-118.4868922,44.50054762,easy,45,110,421,553,609,595,530,631,581,588,652,662,0,0,0,23,256,200,335,562,597,647,527,642,597,638,582.2,378.9,0,32.73380743,647,7,7,102
EA-B3-3,EA_10_3,-89.7,0.365834875,1.336747759,47.58791209,3,-118.484939193_44.501522617,-118.4849392,44.50152262,easy,65,111,224,316,372,433,399,367,454,423,472,445,0,0,0,65,232,111,249,435,435,510,449,522,436,503,390.5,300.8,0,42.27025271,522,7,6,161
EA-B4-3,EA_20_3,-136,0.287363693,1.158213475,42.59340659,3,-118.486334193_44.496972617,-118.4863342,44.49697262,easy,55,110,311,392,447,372,330,460,391,389,438,433,0,0,0,55,173,118,251,397,349,438,363,459,416,458,396.3,260.3,0,31.07613875,459,7,6,66
EA-B5-3,EA_29_3,-11.8,0.620067221,1.4659271,52.08791209,3,-118.485218193_44.493072617,-118.4852182,44.49307262,easy,45,110,249,388,346,407,363,402,405,398,426,402,345,0,0,77,248,285,410,492,518,547,544,547,550,555,378.6,366.8,172.5,57.66212813,555,6,4,104
FL-B1-1,FL_11_1,-174.2,-0.853882186,0.814901048,11.67032967,1,-119.156203059_44.193922613,-119.1562031,44.19392261,flagtail,45,110,210,229,275,307,220,235,319,274,212,296,0,0,0,0,0,26,78,112,109,210,178,122,89,43,257.7,83.5,0,-61.07381709,210,9,9,181
FL-B2-1,FL_12_1,-186.4,-0.369912084,1.180467091,49.14285714,1,-119.200865059_44.150890613,-119.2008651,44.15089061,flagtail,65,110,374,406,506,506,421,460,472,519,492,554,39,0,0,121,121,77,252,326,452,556,439,502,458,503,471,284.6,19.5,-46.29325052,556,8,7,183
FL-B3-1,FL_16_1,-226.1,0.134477992,0.697560976,22.41208791,1,-119.182507059_44.190988613,-119.1825071,44.19098861,flagtail,55,110,329,388,378,439,414,401,524,410,413,404,0,0,0,21,133,155,231,231,279,286,244,259,240,214,410,183.9,0,15.80778606,286,NA,8,111
FL-B4-1,FL_18_1,-280.5,-0.610789947,0.894181083,33.07692308,1,-119.210181059_44.155454613,-119.2101811,44.15545461,flagtail,55,110,357,418,438,480,421,459,464,471,456,487,0,0,0,94,97,79,143,166,194,303,295,275,363,398,445.1,164.6,0,-72.59613856,398,12,9,153
FL-B5-1,FL_19_1,-257.9,-0.559239577,0.838459786,27.34065934,1,-119.209907059_44.155780613,-119.2099071,44.15578061,flagtail,55,110,356,367,467,427,453,432,453,461,469,504,80,0,51,100,102,158,212,216,190,231,275,275,336,368,438.9,181,40,-61.11731002,368,13,10,168
FL-B6-1,FL_25_1,-345.9,-0.537249823,0.676968359,27.85714286,1,-119.153737059_44.185446613,-119.1537371,44.18544661,flagtail,55,110,449,523,531,615,504,530,588,560,562,574,0,0,0,0,154,57,250,177,307,368,367,297,220,244,543.6,197.7,0,-80.37106666,368,NA,9,163
FL-B7-1,FL_30_1,-178.1,-0.584788957,1.003942978,29.45604396,1,-119.185247059_44.198160613,-119.1852471,44.19816061,flagtail,55,110,232,338,318,373,318,337,382,330,284,385,0,0,0,0,0,65,124,253,205,253,285,331,209,280,329.7,151.6,0,-51.50420324,331,10,7,173
FL-B1-2,FL_3_2,-228.9,-1.602709932,0.407843137,8.423076923,2,-119.200591059_44.190010613,-119.2005911,44.19001061,flagtail,55,110,153,201,292,286,252,258,295,252,242,319,0,0,0,0,0,0,0,10,17,97,33,104,51,92,255,26.1,0,-110.410749,104,NA,NA,160
FL-B2-2,FL_5_2,-379.5,-1.512762063,0.202119793,6.39010989,2,-119.209085059_44.161648613,-119.2090851,44.16164861,flagtail,55,111,335,443,466,462,409,433,405,334,354,416,0,0,0,0,0,0,19,10,55,44,82,52,33,70,405.7,26.2,0,-140.98091,82,NA,NA,155
FL-B3-2,FL_7_2,-318.1,-2.318024635,0.441495125,13.78021978,2,-119.216209059_44.169798613,-119.2162091,44.16979861,flagtail,55,110,260,334,385,465,309,386,420,411,367,355,340,0,0,0,7,3,56,106,21,140,100,78,140,163,369.2,51.1,170,-209.0485067,163,NA,NA,164
FL-B4-2,FL_24_2,-305.1,-2.274948556,0.546021841,20.61538462,2,-119.157025059_44.182186613,-119.1570251,44.18218661,flagtail,45,110,410,481,364,394,335,382,408,387,327,358,315,0,0,0,0,0,45,128,141,183,117,181,191,210,384.6,79.5,157.5,-193.4064084,210,NA,NA,151
FL-B5-2,FL_26_2,-439.5,-1.329735837,0.109190173,2.346153846,2,-119.198399059_44.162952613,-119.1983991,44.16295261,flagtail,55,110,409,421,448,482,484,495,489,386,392,390,0,0,0,0,0,0,0,0,0,0,0,1,27,48,439.6,0.1,0,-143.0290096,48,NA,NA,173
FL-B6-2,FL_28_2,-36.6,-1.608264358,0,0,2,-119.201961059_44.172406613,-119.2019611,44.17240661,flagtail,35,110,42,19,10,98,20,32,43,31,30,41,0,0,0,0,0,0,0,0,0,0,0,0,0,0,36.6,0,0,-13.74577168,0,NA,NA,148
FL-B1-3,FL_9_3,-120.5,0.394504728,1.263895602,47.63186813,3,-119.223607059_44.163278613,-119.2236071,44.16327861,flagtail,45,110,415,380,391,443,356,451,405,428,419,450,0,0,0,71,105,153,373,368,389,484,467,523,399,517,413.8,293.3,0,43.27111655,523,6,6,81
FL-B2-3,FL_14_3,-93.8,0.798840743,1.281934307,45.83516484,3,-119.185795059_44.184468613,-119.1857951,44.18446861,flagtail,55,110,324,417,433,602,405,432,442,420,408,501,0,0,0,242,122,239,353,389,491,556,562,492,462,490,438.4,344.6,0,81.45099297,562,6,6,190
FL-B3-3,FL_15_3,-70.7,-0.692096852,1.669520548,6.06043956,3,-119.156203059_44.191314613,-119.1562031,44.19131461,flagtail,55,110,90,80,127,190,88,134,167,103,63,126,0,0,0,0,0,0,26,54,88,195,65,33,6,49,116.8,46.1,0,-20.6726034,195,9,8,170
FL-B4-3,FL_17_3,-139.6,0.780165792,1.187739464,37.49450549,3,-119.151545059_44.183164613,-119.1515451,44.18316461,flagtail,45,110,392,406,425,484,468,446,526,441,400,449,0,0,0,96,351,88,339,344,428,527,442,426,362,409,443.7,304.1,0,91.81344701,527,8,4,146
FL-B5-3,FL_20_3,-166.3,-0.257226217,1.150895141,62.40659341,3,-119.209633059_44.149912613,-119.2096331,44.14991261,flagtail,55,110,504,495,581,557,615,624,651,643,631,564,548,0,0,60,211,324,495,592,581,650,638,651,585,675,586.5,420.2,274,-37.33963733,675,6,6,200
FL-B6-3,FL_22_3,-43.4,0.201967961,1.574858757,17.3956044,3,-119.188535059_44.195552613,-119.1885351,44.19555261,flagtail,45,110,104,171,178,187,105,89,208,129,96,149,0,0,0,0,30,0,92,154,200,223,103,180,151,153,141.6,98.2,0,7.672717521,223,7,6,159
FL-B7-3,FL_23_3,-112.6,-0.36924882,1.318071453,32.24725275,3,-119.180041059_44.203376613,-119.1800411,44.20337661,flagtail,45,110,337,277,288,302,211,254,306,310,282,316,0,0,0,49,0,33,158,270,253,380,249,365,279,279,288.3,175.7,0,-28.77604676,380,7,7,195
FL-B8-3,FL_26_3,-129.3,0.12096798,1.213275299,36.94505495,3,-119.186891059_44.185446613,-119.1868911,44.18544661,flagtail,55,110,325,369,380,403,289,377,398,367,304,464,0,0,0,156,77,85,273,301,321,446,334,390,373,397,367.6,238.3,0,11.06625053,446,7,6,190
FL-B9-3,FL_27_3,-107.8,0.275623245,1.285032797,32.97802198,3,-119.186343059_44.196530613,-119.1863431,44.19653061,flagtail,55,110,270,286,357,334,284,305,420,391,340,367,0,0,0,60,60,97,276,386,270,431,308,388,328,274,335.4,227.6,0,27.82354524,431,6,6,178
FL-B10-3,FL_29_3,-90.6,-1.462677491,1.675607447,54.85164835,3,-119.213195059_44.146326613,-119.2131951,44.14632661,flagtail,45,111,255,263,346,362,319,329,321,360,320,294,305,0,0,9,49,71,155,257,297,442,473,510,531,528,316.9,226.3,152.5,-107.8882175,531,7,7,139
CA-B1-1,CA_7_1,-200.5,-0.587376268,1.040332907,28.08241758,1,-118.792768676_43.993425982,-118.7927687,43.99342598,calamity,45,110,320,346,294,316,285,284,320,294,328,337,0,0,0,0,83,102,81,129,80,148,260,236,319,325,312.4,111.9,0,-48.53380193,325,10,10,237
CA-B2-1,CA_19_1,-380.9,-1.2876982,0.803694242,40.71978022,1,-118.829476676_44.046400982,-118.8294767,44.04640098,calamity,55,110,485,523,571,521,571,519,479,468,483,469,0,0,0,0,0,0,45,126,211,249,313,336,402,409,508.9,128,0,-154.7211689,409,13,10,176
CA-B1-2,CA_1_2,-407.3,-1.469994746,0,0,2,-118.827820676_44.040550982,-118.8278207,44.04055098,calamity,55,111,423,404,380,424,375,421,386,423,443,394,0,0,0,0,0,0,0,0,0,0,0,0,0,0,407.3,0,0,-158.8072634,0,NA,NA,210
CA-B2-2,CA_5_2,-465,-1.373317316,0.107075373,2.302197802,2,-118.825612676_44.036000982,-118.8256127,44.03600098,calamity,45,111,456,522,518,565,466,482,440,416,497,401,0,0,0,0,44,0,0,0,0,0,31,38,0,51,476.3,11.3,0,-155.1867287,51,NA,NA,99
CA-B3-2,CA_9_2,-393.2,-1.433698942,0.080200501,-0.901098901,2,-118.828372676_44.040225982,-118.8283727,44.04022598,calamity,45,111,390,438,380,335,411,378,421,392,434,411,0,0,0,32,20,0,0,0,0,0,0,6,0,0,399,5.8,0,-151.7508113,32,NA,NA,208
CA-B4-2,CA_18_2,-210.6,-1.064042227,0.623123123,5.181318681,2,-118.796080676_43.989200982,-118.7960807,43.98920098,calamity,45,110,211,268,260,301,189,210,279,307,328,311,22,34,0,150,142,28,0,51,3,26,110,48,166,137,266.4,55.8,28,-75.38771107,166,NA,12,178
CA-B1-3,CA_1_3,-10.2,1.40776531,1.687898089,49.2032967,3,-118.838032676_44.042825982,-118.8380327,44.04282598,calamity,45,110,312,372,368,360,361,370,337,328,379,267,0,0,0,0,148,231,364,425,500,535,583,566,362,472,345.4,335.2,0,128.1034467,583,6,5,147
CA-B2-3,CA_8_3,-136.7,0.704010807,1.195528177,43.65384615,3,-118.807396676_43.993750982,-118.8073967,43.99375098,calamity,55,111,427,490,434,437,410,378,466,433,437,471,0,0,0,121,231,278,267,340,394,429,515,441,448,524,438.3,301.6,0,80.77659264,524,8,5,94
CA-B3-3,CA_15_3,-99.4,0.592319159,1.534077416,60.8956044,3,-118.837480676_44.041850982,-118.8374807,44.04185098,calamity,55,111,400,433,445,450,428,444,428,378,457,348,0,0,0,0,121,208,298,383,500,531,587,589,521,646,421.1,321.7,0,64.54787425,646,7,6,135
CA-B4-3,CA_16_3,-153.2,-0.171281711,1.495812879,44.18681319,3,-118.792768676_43.992450982,-118.7927687,43.99245098,calamity,45,111,353,416,363,353,331,320,363,303,321,340,0,0,0,86,102,73,139,212,231,291,432,365,460,518,346.3,193.1,0,-14.09723366,518,9,7,205
CA-B5-3,CA_19_3,-111.8,1.375170598,1.106382979,31.8021978,3,-118.836652676_44.039575982,-118.8366527,44.03957598,calamity,55,110,369,450,471,469,447,419,398,406,431,370,0,0,0,40,280,302,374,367,413,433,468,435,431,198,423,311.2,0,147.2423194,468,6,4,168
